fire_name,city,start_date,end_date,acres_burned
 Bridge Fire,Shasta Lake,2017-10-31,2018-01-09,37
Campbell Fire,Forest Ranch,2014-01-02,2014-01-10,865
Colby Fire,Glendora,2014-01-16,2014-01-27,1952
Red Fire,Willow Creek,2014-01-04,2014-01-08,333
Lake Fire,Squaw Valley,2014-01-25,2014-01-26,106
Gun Fire,Pine Valley,2014-03-08,2014-03-11,125
Encinal Fire,Chualar,2014-03-19,2014-03-21,400
Van Buren Fire,Vista Santa Rosa,2014-03-28,2014-03-29,57
Bridges Fire,Bishop,2014-04-19,2014-04-21,113
Etiwanda Fire,Rancho Cucamonga,2014-04-30,2014-05-05,2143
Bernardo Fire,Rancho Penasquitos,2014-05-13,2014-05-17,1548
San Lucas Fire,King City,2014-04-30,2014-05-01,75
Miguelito Fire,Lompoc,2014-05-13,2014-05-19,632
Tomahawk Fire,Fallbrook,2014-05-14,2014-05-19,5367
San Mateo Fire,San Clemente,2014-05-16,2014-05-20,1457
Highway Fire,Bonsall,2014-05-14,2014-05-15,380
Fiddler Fire,Shasta,2014-05-14,2014-05-15,50
Cocos Fire,San Marcos,2014-05-14,2014-05-22,1995
Poinsettia Fire,Lake San Marcos,2014-05-14,2014-05-17,600
Indian Fire,Clearlake Oaks,2014-05-25,2014-05-26,175
59 Fire,Jamestown,2014-06-04,2014-06-05,402
Hetch Hetchy Fire,Jamestown,2014-06-05,2014-06-06,269
Hall Fire,Squaw Valley,2014-06-11,2014-06-09,25
Morgan Fire,Auberry,2014-06-09,2014-06-11,40
Haigh Fire,Tuolumne City,2014-06-10,2014-06-13,130
Shirley Fire,Alta Sierra,2014-06-13,2014-06-20,3895
Tehama Fire,Rancho Tehama Reserve,2014-06-13,2014-06-13,225
Oak Fire,Copperopolis,2014-06-22,2014-06-24,85
Butts Fire,Angwin,2014-07-01,2014-07-09,4300
Bible Fire,Somerset,2014-07-09,2014-07-09,30
Bully Fire,Lewiston,2014-07-11,2014-07-26,12661
Monticello Fire,Winters,2014-07-04,2014-07-12,6488
Gulch Fire,Alturas,2014-07-03,2014-07-07,1469
Modoc Lightning Complex,Alturas,2014-07-01,2014-07-03,1651
West Fire,Hayfork,2014-07-01,2014-07-03,15
Banner Fire,Julian,2014-07-03,2014-07-06,217
Marsh Fire,Tracy,2014-07-11,2014-07-12,80
Cassel Fire,Chester,2014-07-05,2014-07-08,75
Interlake Fire,Lake Nacimiento,2014-07-07,2014-07-08,47
Hutto Fire,Penn Valley,2014-07-07,2014-07-08,38
Dry Fire,Bella Vista,2014-07-09,2014-07-10,143
Nicolls Fire ,Weldon,2014-07-11,2014-07-21,1680
Wildlife Fire,Thermalito,2014-07-14,2014-07-16,72
Sand Fire,Deer Park,2014-07-25,2014-08-02,4240
Bald Fire,Burney,2014-07-30,2014-08-15,39736
Day Fire,Burney,2014-07-30,2014-08-13,13153
Oregon Gulch Fire (part of the Beaver Complex),Montague,2014-07-30,2014-08-18,35302
Eiler Fire,Burney,2014-07-31,2014-08-25,32416
Coffee Fire,Weaverville,2014-07-30,2014-11-14,6258
Little Deer Fire,Weed,2014-07-31,2014-08-18,5503
Junction Fire,Oakhurst,2014-08-18,2014-08-25,612
Little Fire,Alturas,2014-08-12,2014-08-13,101
Shoemaker Fire,San Dimas,2014-08-14,2014-12-12,190
Tecolote Fire,Glendora,2014-08-17,2014-12-12,274
Boca Fire,Truckee,2014-08-18,2014-08-19,84
Way Fire,Wofford Heights,2014-08-18,2014-08-27,4045
Oregon Fire,Weaverville,2014-08-24,2014-08-28,461
Gulch Fire,Bella Vista,2014-09-10,2014-09-16,1375
Jackson Fire,Jamestown,2014-09-04,2014-09-05,70
Bald Hill 3 Fire,Willow Creek,2014-09-12,2014-09-15,210
Stage Coach Fire,Angwin,2014-09-11,2014-09-15,27
King Fire,Pollock Pines,2014-09-13,2014-10-09,97717
Stephens Fire,McCloud,2015-02-24,2015-03-02,200
Silverado Fire,Portola Hills,2014-09-12,2014-09-22,968
Dog Bar Fire,Colfax,2014-09-13,2014-09-18,247
Courtney Fire,Oakhurst,2014-09-14,2014-09-22,320
Boles Fire,Weed,2014-09-15,2014-10-11,516
Bane Fire,Los Serranos,2014-10-16,2014-10-17,48
Irene Fire,South Lake Tahoe,2014-09-14,2014-09-17,94
Cascade Fire,South Lake Tahoe,2014-09-25,2014-09-25,20
Otay Fire,La Presa,2015-06-26,2015-06-26,80
Ward Fire,East Quincy,2015-04-13,2015-04-18,137
Highway Fire,Corona,2015-04-18,2015-04-24,1049
Forebay Fire,Gustine,2015-05-11,2015-05-11,692
Bald Fire,Willow Creek,2015-06-10,2015-06-11,20
Saddle Fire ,Weaverville,2015-06-10,2015-06-29,1542
Pass Fire,Shandon,2015-06-15,2015-06-15,67
Chiles Fire,Angwin,2015-06-16,2015-06-17,38
North Fire,Dogtown,2015-06-16,2015-06-17,60
Fork Fire,Rancho Tehama Reserve,2015-06-17,2015-06-17,55
Wildcat Fire,San Diego Country Estates,2015-06-17,2015-06-19,171
Lake Fire,Big Bear Lake,2015-06-17,2015-08-01,31359
Cook Fire,Lake Wildwood,2015-06-18,2015-06-22,158
Corrine Fire,Auberry,2015-06-18,2015-06-25,920
Red Fire,Yosemite Lakes,2015-06-21,2015-06-23,135
Dixie Fire,Westwood,2015-06-19,2015-06-20,60
Loma Fire,Antioch,2015-06-24,2015-06-25,533
Calgrove Fire ,Santa Clarita,2015-06-24,2015-06-26,415
Sterling Fire,Highland,2015-06-25,2015-06-29,100
Pleasure Fire,Winters,2015-06-27,2015-06-28,19
Covelo Fire,Covelo,2015-06-28,2015-06-29,35
Black Fire,Rancho Tehama Reserve,2015-07-04,2015-07-04,170
Soda Fire,Boonville,2015-07-04,2015-07-05,23
Sky Fire,Vacaville,2015-07-06,2015-07-08,150
Ascot Fire,Benicia,2015-07-10,2015-07-10,40
Keswick Fire,Redding,2015-07-07,2015-07-08,18
Mill 2 Fire,Yucaipa,2015-07-12,2015-07-21,54
Deer Fire,Lake Nacimiento,2015-07-10,2015-07-15,95
Spider Fire,Sunnyslope,2015-07-12,2015-07-12,21
241 Fire,Stonegate,2015-07-13,2015-07-15,214
Cooley Fire,Montague,2015-07-13,2015-07-14,181
Lake Fire,Julian,2015-07-16,2015-07-17,25
North Fire,Oak Hills,2015-07-17,2015-07-21,4250
Pines Fire ,Wrightwood,2015-07-17,2015-08-04,200
Betabel Fire,San Juan Bautista,2015-07-20,2015-07-20,25
Triple Fire,East Porterville,2015-07-21,2015-07-26,430
Wragg Fire,Winters,2015-07-22,2015-08-05,8051
Creek Fire,Yountville,2016-10-10,2016-10-12,65
Baxter Fire,Newcastle,2015-07-22,2015-07-22,26
Kyburz Fire,Pollock Pines,2015-07-23,2015-07-29,75
3-11 Fire,Burney,2015-07-23,2015-07-26,116
3-12 Fire,Westwood,2015-07-23,2015-07-25,77
Cutca Fire,Aguanga,2015-07-24,2015-07-26,167
Park Fire,Campo,2015-07-24,2015-07-25,25
Lowell Fire,Colfax,2015-07-25,2015-08-12,2304
Queen Fire,Willow Creek,2015-07-24,2015-08-01,158
Willow Fire,Oakhurst,2015-07-25,2015-08-13,5702
Mark Fire,Angels Camp,2015-08-13,2015-08-18,114
Sullivan Fire,Newman,2015-07-28,2015-07-28,40
Buck Fire,Redway,2015-07-28,2015-07-31,16
Cabin Fire,Three Rivers,2015-07-19,2015-09-05,6980
Swedes Fire,Oroville East,2015-07-29,2015-08-03,400
Rocky Fire,Hidden Valley Lake,2015-07-29,2015-08-14,69636
Mallard Fire,Palo Cedro,2015-07-29,2015-07-31,75
China Fire,Anderson,2015-07-29,2015-08-01,212
Big Creek Fire,Tuolumne City,2015-07-29,2015-08-04,204
Tulloch Fire,Copperopolis,2015-08-15,2015-08-16,112
Vasco Fire,Byron,2015-07-30,2015-07-30,195
Sprig Fire,Palo Cedro,2015-07-30,2015-07-31,90
Advance Fire,Three Rivers,2015-07-30,2015-08-05,86
Mendocino Lightning Fires,Willits,2015-07-30,2015-08-03,50
Anza Fire,Anza,2015-08-10,2015-08-15,500
Frog Fire,Burney,2015-07-30,2015-07-31,4863
Fern Fire,Shingletown,2015-08-02,2015-08-04,75
White Fire,Santa Maria,2015-08-01,2015-08-03,52
Francis Fire,Lake Wildwood,2015-08-03,2015-08-05,30
Point Fire,Anderson,2015-08-03,2015-08-04,59
Dodge Fire,Alturas,2015-08-03,2015-08-04,10570
De Luz Fire,Fallbrook,2015-08-09,2015-08-10,55
36 Fire,Shingletown,2015-08-08,2015-08-09,110
Jerusalem Fire,Hidden Valley Lake,2015-08-09,2015-08-25,25118
Cuesta Fire,Santa Margarita,2015-08-16,2015-08-28,2446
Horse Fire,Redway,2015-08-18,2015-08-29,146
Tesla Fire,Patterson,2015-08-19,2015-08-22,2850
Grade Fire,Hidden Valley Lake,2015-08-24,2015-08-25,22
Peterson Fire,Kelseyville,2015-08-22,2015-08-27,215
Summit Fire,Big Bear Lake,2015-08-23,2015-09-11,55
Democrat Fire,Weaverville,2015-08-25,2015-08-29,128
Kramer Fire ,Burney,2015-08-29,2015-08-30,30
Oak Fire,Cedar Ridge,2015-09-08,2015-09-15,108
Center Fire,Johnstonville,2015-09-09,2015-09-10,40
Creek Fire,Johnstonville,2015-09-09,2015-09-11,170
Butte Fire,Jackson,2015-09-09,2015-10-15,70868
Lumpkin Fire,Challenge-Brownsville,2015-09-11,2015-09-17,1040
Walker Fire,Shasta,2015-09-11,2015-09-13,109
Munjar Fire,Chico,2015-10-02,2015-10-02,104
Rough Fire ,Squaw Valley,2015-07-31,2015-11-09,151623
Taglio Fire,Gustine,2016-04-24,2016-04-24,30
Solimar Fire,Ventura,2015-12-25,2015-12-29,1388
Potrero Fire,Thousand Oaks,2015-11-07,2015-11-07,50
Cienega Fire,Ridgemark,2015-10-12,2015-10-16,690
Gibraltar Fire,Montecito,2015-10-29,2015-11-09,21
McCourtney Fire,Penn Valley,2015-09-22,2015-09-21,30
Tassajara Fire,Gonzales,2015-09-19,2015-09-27,1086
Laureles Fire,Carmel Valley Village,2015-09-19,2015-09-21,95
Tulloch Fire,Jamestown,2016-05-30,2016-06-01,85
Metz Fire,Greenfield,2016-05-22,2016-05-25,3876
Wheatland Fire,Shadow Hills,2016-05-23,2016-05-25,156
DeWolf Fire,Clovis,2016-05-25,2016-05-25,278
Coe Fire,San Martin,2016-06-07,2016-06-09,120
Dunstone Fire,Gridley,2016-05-27,2016-05-27,91
70 Fire,Thermalito,2016-05-29,2016-05-29,30
Shedd Fire,Shandon,2016-05-10,2016-05-10,150
Bryson Fire,Lake Nacimiento,2016-05-12,2016-05-12,25
Avocado Fire,Minkler,2016-05-15,2016-05-17,132
Athens Fire,Lincoln,2016-05-17,2016-05-19,169
Pala Fire,Rainbow,2016-05-31,2016-06-07,70
Coal Fire,Thermalito,2016-06-20,2016-06-20,112
Frazier Fire,Lake Nacimiento,2016-06-27,2016-06-29,86
Campo Fire,Valley Springs,2016-06-27,2016-06-30,33
Paskenta Fire,Rancho Tehama Reserve,2016-06-21,2016-06-21,43
Moore Fire,Lincoln,2016-06-21,2016-06-21,88
Aukum Fire,Somerset,2016-06-03,2016-06-04,25
Hidden Fire,Ridgemark,2016-06-03,2016-06-03,30
Clay Fire,Clay,2016-06-03,2016-06-03,32
Temecula Fire,Temecula,2016-06-04,2016-06-07,139
Coleman Fire,King City,2016-06-04,2016-06-20,2520
Keswick Fire,Shasta,2016-06-11,2016-06-12,24
Camanche Fire,Ione,2016-06-17,2016-06-21,210
Arroyo Fire,Greenfield,2016-06-18,2016-06-20,70
Hoag Fire,Chico,2016-06-11,2016-06-11,80
Cotton Fire,Shandon,2016-06-11,2016-06-12,61
Old Fire,Greenfield,2016-06-12,2016-06-12,83
Pony Fire,Happy Camp,2016-06-07,2016-11-08,2860
Sherpa Fire,Mission Canyon,2016-06-15,2016-07-12,7474
Creek Fire,Esparto,2016-06-26,2016-06-27,277
70 Fire,Palermo,2016-06-21,2016-06-21,49
Erskine Fire,Lake Isabella,2016-06-23,2016-07-11,48019
Lowe Fire,King City,2016-06-23,2016-06-24,52
Dinosaur Fire,Gustine,2016-06-25,2016-06-26,1246
Laguna Fire,Laguna Beach,2016-06-26,2016-06-29,47
Grant Fire,Mountain House,2016-06-25,2016-06-26,211
Marina Fire,Bridgeport,2016-06-25,2016-07-09,650
Reservoir Fire,Clearlake Oaks,2016-06-26,2016-06-28,215
Trailhead Fire,Auburn Lake Trails,2016-06-28,2016-07-18,5645
Rancho Fire,Ione,2016-06-28,2016-06-29,372
Big Fire,Auberry,2016-07-11,2016-07-13,188
Sage Fire,Stevenson Ranch,2016-07-09,2016-07-16,1100
Fiddler Fire,Shasta,2016-07-08,2016-07-12,303
Colyear Fire,Rancho Tehama Reserve,2016-06-30,2016-07-04,464
Deer Fire,Arvin,2016-07-01,2016-07-08,1785
Pine Fire,Pine Mountain Club,2016-06-30,2016-06-30,2304
Flores Fire,Gerber,2016-07-01,2016-07-01,88
Curry Fire,Coalinga,2016-07-01,2016-07-05,2944
Lone Pine Fire,Lone Pine,2016-07-01,2016-07-02,30
Appaloosa Fire,Copperopolis,2016-07-02,2016-07-08,310
Scott Fire,Rancho Murieta,2016-07-10,2016-07-11,87
Frame Fire,Coalinga,2016-07-04,2016-07-07,145
Broken Fire,Coarsegold,2016-07-04,2016-07-06,103
Kuehner Fire,Chatsworth,2016-07-01,2016-07-01,45
Shelter Fire,Julian,2016-07-11,2016-07-12,15
Pacheco Fire,Rancho Calaveras,2016-07-12,2016-07-16,341
Stagecoach Fire,Copperopolis,2016-07-12,2016-07-13,35
Dunnigan Fire,Dunnigan,2016-07-15,2016-07-15,84
Onyx Fire,Weldon,2016-07-13,2016-07-14,221
Sherwood Fire,Auberry,2016-07-13,2016-07-15,78
Famoso Fire,Oildale,2016-07-15,2016-07-16,138
Green Fire,Auberry,2016-07-15,2016-07-16,123
Feather Fire,San Diego Country Estates,2016-07-18,2016-07-20,100
Foothill Fire,Lucerne,2016-07-19,2016-07-22,69
Bailey Fire,Yreka,2016-07-19,2016-07-20,26
Goose Fire,Auberry,2016-07-30,2016-08-09,2241
Baker Fire,Copperopolis,2016-07-21,2016-07-22,57
Oak Fire,Vacaville,2016-07-22,2016-07-22,57
Roblar Fire,Camp Pendleton North,2016-07-21,2016-07-30,1245
Table Fire,Montague,2016-07-21,2016-07-22,23
Bradley Fire,Lake Nacimiento,2016-07-22,2016-07-23,100
Soberanes Fire,Carmel-by-the-Sea,2016-07-22,2016-10-13,132127
Holy Fire,Trabuco Canyon,2016-08-31,2016-09-05,150
Ken Fire,Oak Hills,2016-09-03,2016-09-04,20
Saddle Fire,Paradise,2016-09-05,2016-09-12,800
Ruff Fire ,Laytonville,2016-09-10,2016-09-15,50
Spring Fire,Crestline,2016-09-07,2016-09-09,50
Phoenix Fire,Truckee,2016-09-07,2016-09-08,38
Lake Fire,Central Valley (historical),2016-09-10,2016-09-12,75
Storksbill Fire,Cool,2016-07-22,2016-07-23,50
Rock Fire,Poway,2016-07-22,2016-07-24,28
Franklin Fire,Crockett,2016-07-24,2016-07-24,40
Fork Fire,Auberry,2016-07-29,2016-07-31,38
Frymire Fire,East Oakdale,2016-07-30,2016-08-01,32
Sierra Fire,East Foothills,2016-07-30,2016-07-31,114
Gopher Fire,Hidden Meadows,2016-08-10,2016-08-11,35
Baker Fire,Red Bluff,2016-08-03,2016-08-04,80
99 Fire,Durham,2016-08-02,2016-08-03,520
Cold Fire,Winters,2016-08-02,2016-08-12,5731
Hart Fire,Bear Valley Springs,2016-08-04,2016-08-07,100
Grub Fire,Ahwahnee,2016-08-04,2016-08-06,85
Deer Fire,Valley Springs,2016-08-05,2016-08-06,26
Oak Fire,Morgan Hill,2016-08-12,2016-08-14,25
Pilot Fire,Crestline,2016-08-07,2016-08-16,8110
Kugelman Fire,Coalinga,2016-08-09,2016-08-10,45
Knoxville Fire,Angwin,2016-08-09,2016-08-10,36
Mineral Fire,Coalinga,2016-08-08,2016-08-18,7050
Blue Cut Fire,Oak Hills,2016-08-16,2016-08-23,36274
Mountain Fire,Shasta,2016-08-09,2016-08-10,35
Summit Fire,Willow Creek,2016-08-12,2016-08-19,21
Chimney Fire,Lake Nacimiento,2016-08-13,2016-09-06,46235
Clayton Fire,Lower Lake,2016-08-13,2016-08-26,3929
Cedar Fire,Alta Sierra,2016-08-16,2016-10-01,29322
Stafford Fire,Rio Dell,2016-08-11,2016-08-16,23
Boys Fire,Rancho Murieta,2016-09-11,2016-09-12,40
Sunny Fire,Squaw Valley,2016-09-03,2016-09-06,158
Oak Fire,Morgan Hill,2016-09-01,2016-09-02,25
Beale Fire,Greenfield,2016-08-18,2016-08-18,389
Mina Fire,Laytonville,2016-08-30,2016-08-31,36
Havilah Fire,Bodfish,2016-08-28,2016-08-28,304
Gap Fire,Happy Camp,2016-08-27,2016-08-28,33867
Bird Fire,Tracy,2016-08-20,2016-08-20,147
Tully Fire,Westhaven-Moonstone,2016-08-22,2016-09-04,599
Willard Fire,Susanville,2016-09-11,2016-09-22,2575
Santos Fire,Forest Ranch,2016-08-26,2016-08-30,88
Willow Fire,San Andreas,2016-08-28,2016-08-31,450
Tule Fire,East Porterville,2016-08-22,2016-11-08,395
Grade Fire,Yreka,2016-08-24,2016-08-30,710
Howard Fire,Alturas,2016-09-11,2016-09-14,380
Range Fire,Bear Valley Springs,2016-08-26,2016-08-29,600
Mockingbird Fire,Upper Lake,2016-08-30,2016-08-31,20
Moffett Fire,Yreka,2016-09-12,2016-09-13,32
Old Fire,Forest Ranch,2016-09-16,2016-09-19,30
Hog Fire,Red Bluff,2016-09-13,2016-09-13,321
Old Fire,Midpines,2016-09-13,2016-09-17,150
Auburn Fire,Grass Valley,2016-09-17,2016-09-20,47
Owens River Fire,Mammoth Lakes,2016-09-17,2016-09-18,5443
Soup Complex,Alturas,2016-09-17,2016-10-13,2652
Canyon Fire,Lompoc,2016-09-17,2016-09-27,12518
Washington Fire,Vandenberg Space Force Base,2016-09-22,2016-09-27,215
Bangor Fire,Oroville East,2016-09-22,2016-09-23,130
Butte Fire,Sutter,2016-09-20,2016-09-20,300
Bell Fire,Sutter Creek,2016-09-23,2016-09-25,45
Marshes Fire,Jamestown,2016-09-26,2016-10-04,1080
Newmark Fire,Parlier,2016-09-23,2016-09-24,70
Cow Fire,Los Molinos,2016-09-25,2016-09-25,100
Sawmill Fire,Cobb,2016-09-25,2016-09-29,1547
Tobin Fire,Magalia,2016-09-26,2016-10-06,248
Loma Fire,Day Valley,2016-09-26,2017-09-19,4474
Sacata Fire,Squaw Valley,2016-10-11,2016-10-20,2100
Emerald Fire,South Lake Tahoe,2016-10-14,2016-10-17,176
Gopher Fire,Hidden Meadows,2016-11-13,2016-11-14,28
Marek Fire,Shadow Hills,2016-11-14,2016-11-14,4824
Jacobson Fire,Three Rivers,2016-10-20,2016-12-19,10
Meadow Fire,Alta Sierra,2016-10-29,2016-12-19,4347
Aqueduct Fire,Kettleman City,2018-04-12,2019-01-03,30
Grace Fire,Shingletown,2017-04-03,2018-01-09,45
West Fire,Alturas,2017-04-03,2018-01-09,380
66 Fire,Mecca,2017-04-13,2018-01-09,15
Jayne Fire,Coalinga,2017-04-20,2018-01-09,4532
Soledad Fire,Soledad,2017-04-24,2018-01-09,10
El Dorado Fire,San Joaquin,2017-04-28,2018-01-09,750
Tumey Fire,Mendota,2017-04-29,2018-01-09,126
Tower Fire,Oak Hills,2017-04-30,2018-01-09,150
Opera Fire,Highgrove,2017-04-30,2018-01-09,1350
Jameson Fire,El Cerrito Corona,2017-04-30,2018-01-09,12
Fay Fire,Weldon,2017-05-01,2018-01-09,19
Olive Fire,Shandon,2017-05-02,2018-01-09,130
Shandon Fire,Shandon,2017-05-07,2018-01-09,12
Sonoma Fire,San Joaquin,2017-05-10,2018-01-09,400
Hub Fire,Lake Isabella,2017-05-12,2018-01-09,31
Wright Fire,Los Banos,2017-05-12,2018-01-09,1733
Nacimiento Fire,Lake Nacimiento,2017-05-14,2018-01-09,20
Canyon Fire,Beaumont,2017-05-14,2018-01-09,17
Feed Fire,Arvin,2017-05-14,2018-01-09,41
Arrow Fire,Taft Heights,2017-05-15,2018-01-09,225
Bravo Fire,Lamont,2017-05-15,2018-01-09,288
Pine Fire,King City,2017-05-16,2018-01-09,18
Lonoak Fire,King City,2017-05-17,2018-01-09,17
41 Fire,Bonadelle Ranchos-Madera Ranchos,2017-05-17,2018-01-09,150
Camp Fire,Los Osos,2017-05-18,2018-01-09,225
Elm Fire,Coalinga,2017-05-18,2018-01-09,10000
City Fire,Kettleman City,2017-05-18,2018-01-09,20
Moraga Fire,Pedley,2017-05-18,2018-01-09,14
Manning Fire,Mendota,2017-05-19,2018-01-09,70
Deluz Fire,Fallbrook,2017-05-19,2018-01-09,486
Gate Fire,Jamul,2017-05-20,2018-01-09,2056
Rocky Fire,Shandon,2017-05-20,2018-01-09,17
Ming Fire,Oildale,2017-05-20,2018-01-09,506
Moreno Fire,Moreno Valley,2017-05-23,2018-01-09,10
Wasioja Fire,Taft Heights,2017-05-20,2018-01-09,190
Ribbonwood Fire,Campo,2017-05-24,2018-01-09,25
Bitterwater Fire,King City,2017-05-22,2018-01-09,21
Smiley Fire,Moreno Valley,2017-05-21,2018-01-09,35
Range Fire,Camp Pendleton North,2017-05-25,2018-01-09,1000
Lamb Fire,Beaumont,2017-05-25,2018-01-09,120
Champagne Fire,Rosamond,2017-05-28,2018-01-09,10
Rusty Fire,Auberry,2017-05-28,2018-01-09,16
Serenas Fire,Mecca,2017-05-28,2018-01-09,48
Lombardi Fire,Valley Springs,2017-05-28,2018-01-09,15
Panoche Fire,Firebaugh,2017-05-28,2018-01-09,18
Matz Fire,Morongo Valley,2017-05-29,2018-01-09,16
Fountain Fire ,Terra Bella,2017-05-31,2018-01-09,79
Twenty Fire,Loma Rica,2017-05-29,2018-01-09,10
Clay Fire,Clay,2017-06-01,2018-01-09,68
Fairview Fire,Desert Hot Springs,2017-06-01,2018-01-09,26
Elk Fire,Maricopa,2017-06-02,2018-01-09,16
Jones Fire,Alturas,2017-06-03,2018-01-09,42
Vernon Fire,San Jacinto,2017-06-03,2018-01-09,27
5 Fire,Shadow Hills,2017-06-03,2018-01-09,25
Creek Fire ,Lake Isabella,2017-06-04,2018-01-09,33
Spring Fire ,Cottonwood,2017-06-04,2018-01-09,78
Shirleon Fire ,Banning,2017-06-04,2018-01-09,10
Fish Fire,Orinda,2017-06-05,2018-01-09,20
Pine Fire,Oildale,2017-06-05,2018-01-09,10
Wilbur Fire,Thermalito,2017-06-06,2018-01-09,91
Whitepine Fire,Montague,2017-06-06,2018-01-09,46
Dinely Fire,Three Rivers,2017-06-07,2018-01-09,339
26 Fire,Madera Acres,2017-06-07,2018-01-09,157
Bodfish Fire,Bodfish,2017-06-10,2018-01-09,206
Breckenridge Fire,Lamont,2017-06-09,2018-01-09,35
Hog Fire,San Miguel,2017-06-09,2018-01-09,14
Oakwood Fire,Yosemite Lakes,2017-06-10,2018-01-09,1417
Wild Fire,Mendota,2017-06-11,2018-01-09,186
Refuge Fire,Angwin,2017-06-13,2018-01-09,22
Pleyto Fire,Lake Nacimiento,2017-06-11,2018-01-09,32
Monterey Fire,Mendota,2017-06-11,2018-01-09,450
Tivy Fire,Minkler,2017-06-11,2018-01-09,76
Red Fire,Jamestown,2017-06-11,2018-01-09,38
Valley Fire,East Hemet,2017-06-13,2018-01-09,33
Douglas Fire,Vista,2017-06-13,2018-01-09,50
King Fire,Alta Sierra,2017-06-13,2018-01-09,135
Reed Fire,Aguanga,2017-06-13,2018-01-09,20
Lucy Fire,Shandon,2017-06-14,2018-01-09,150
Westfall Fire,Mariposa,2017-06-15,2018-01-09,63
Canyon Fire,Banning,2017-06-15,2018-01-09,105
Nuevo Fire,Nuevo,2017-06-15,2018-01-09,28
Skyway Fire,Durham,2017-06-16,2018-01-09,134
Shore Fire,Lake Nacimiento,2017-06-16,2018-01-09,32
Lake Fire,Castaic,2017-06-17,2018-01-09,850
Bolla Fire,Lewiston,2017-06-18,2018-01-09,60
Lambs Fire,Beaumont,2017-06-18,2018-01-09,10
Smiley Fire,Moreno Valley,2017-06-18,2018-01-09,153
Road Fire,Bonadelle Ranchos-Madera Ranchos,2017-06-18,2018-01-09,25
Highway Fire,Bodfish,2017-06-18,2018-01-09,1522
Trellis Fire,Meadowbrook,2017-06-18,2018-01-09,26
Bogus Fire,Montague,2017-06-18,2018-01-09,56
Toll Fire,Crockett,2017-06-22,2018-01-09,39
Holcomb Fire,Big Bear City,2017-06-19,2018-01-09,1503
Orange Fire,East Oakdale,2017-06-21,2018-01-09,65
Quimby Fire,Alum Rock,2017-06-21,2018-01-09,54
Highway Fire,Loma Rica,2017-06-22,2018-01-09,21
Lone Fire,Palermo,2017-06-22,2018-01-09,111
Creek Fire,Coalinga,2017-06-23,2018-01-09,357
Paskenta Fire,Red Bluff,2017-06-24,2018-01-09,42
Placerita Fire,Santa Clarita,2017-06-25,2018-01-09,760
Black Fire,Ramona,2017-06-25,2018-01-09,36
Manzanita Fire,Anza,2017-06-26,2018-01-09,6309
King Fire,Lewiston,2017-06-26,2018-01-09,19
Hill Fire,Santa Margarita,2017-06-26,2018-01-09,1626
Latrobe Fire,Ione,2017-06-27,2018-01-09,35
Pine Fire,Woodacre,2017-06-27,2018-01-09,38
Sloane Fire,Crest,2017-06-27,2018-01-09,25
Mart Fire,Highland,2017-06-27,2018-01-09,670
Shore Fire,Fort Dick,2017-06-26,2018-01-09,28
Ranch Fire,East Foothills,2017-06-29,2018-01-09,85
Alvarado Fire,Lake Nacimiento,2017-06-28,2018-01-09,15
Ben Fire,Mariposa,2017-06-28,2018-01-09,558
Tarina Fire ,Lamont,2017-06-30,2018-01-09,1200
Lockwood Fire,King City,2017-06-29,2018-01-09,42
Topanga Fire,Las Flores,2017-06-29,2018-01-09,55
Stokes Fire,Agoura,2017-06-29,2018-01-09,41
Oak Fire,Bella Vista,2017-07-01,2018-01-09,128
Brewer Fire,Lake of the Pines,2017-07-02,2018-01-09,10
Lisa Fire,Lakeview,2017-07-02,2018-01-09,11
Desabla Fire,Forest Ranch,2017-07-02,2018-01-09,14
Spring Fire,Mariposa,2017-07-02,2018-01-09,225
Derrick Fire,Coalinga,2017-07-02,2018-01-09,1562
Timber Fire,Moreno Valley,2017-07-03,2018-01-09,30
Canyon Fire,Beaumont,2017-07-03,2018-01-09,10
Lago Fire,Lakeview,2017-07-03,2018-01-09,50
Valley Fire,Ridgemark,2017-07-04,2018-01-09,34
Silver Fire,Crestline,2017-07-04,2018-01-09,13
Freedom Fire,Minkler,2017-07-04,2018-01-09,57
Jurupa Fire,Glen Avon,2017-07-04,2018-01-09,35
Lakeland Fire,Oroville,2017-07-04,2018-01-09,18
Grade Fire,Casa Conejo,2017-07-04,2018-01-09,50
Eagle Fire,El Cerrito Corona,2017-07-04,2018-01-09,205
Globe Fire,East Porterville,2017-07-05,2018-01-09,21
Fay Fire,Yreka,2017-07-05,2018-01-09,496
Axel Fire,Cameron Park,2017-07-08,2018-01-09,74
Lake Fire,Waterford,2017-07-08,2018-01-09,62
Auberry Fire,Clovis,2017-07-05,2018-01-09,91
Gold Fire,San Andreas,2017-07-05,2018-01-09,22
Winters Fire,Winters,2017-07-06,2018-01-09,1700
Quail Fire,McFarland,2017-07-06,2018-01-09,1626
Alamo Fire,Santa Maria,2017-07-06,2018-01-09,28687
Hawk Fire,Richgrove,2017-07-07,2018-01-09,2940
Daulton Fire,Madera Acres,2017-07-07,2018-01-09,90
Christmas Fire,Meadowbrook,2017-07-07,2018-01-09,33
Wall Fire,Oroville East,2017-07-07,2018-01-09,6033
Bryant Fire,Yucaipa,2017-07-07,2018-01-09,74
Tower Fire,Santa Margarita,2017-07-07,2018-01-09,58
Banderilla Fire,Jamestown,2017-07-07,2018-01-09,36
Deer Complex,Brentwood,2017-07-08,2018-01-09,231
North Fire,Redding,2017-07-15,2018-01-09,10
Whittier Fire,Santa Ynez,2017-07-08,2018-01-09,18430
Orleans Complex,Happy Camp,2017-07-26,2018-01-09,27276
Stone Fire,Santa Margarita,2017-07-09,2018-01-09,340
Willow Fire,Rodeo,2017-07-08,2018-01-09,370
West Fire,Beale Air Force Base,2017-07-08,2018-01-09,50
Rosado Fire,El Dorado Hills,2017-07-12,2018-01-09,13
Parkfield Fire,San Miguel,2017-07-08,2018-01-09,1816
Benson Fire,Cottonwood,2017-07-08,2018-01-09,29
Garza Fire,Avenal,2017-07-09,2018-01-09,48660
Honcut Fire,Palermo,2017-07-10,2018-01-09,166
Felipe Fire,Morgan Hill,2017-07-10,2018-01-09,70
Rebie Fire,Challenge-Brownsville,2017-07-12,2018-01-09,10
Mesa Fire,Los Olivos,2017-07-17,2018-01-09,50
Bridge Fire,Mentone,2017-07-14,2018-04-12,460
Jennings Fire,Harbison Canyon,2017-07-11,2018-01-09,400
Long Valley Fire,Portola,2017-07-11,2018-01-09,83733
Lariat Fire,East Foothills,2017-07-11,2018-01-09,101
Quail Fire,Valley Springs,2017-07-12,2018-01-09,59
Washington Fire,Winchester,2017-07-13,2018-01-09,32
Hidden Fire,Highland,2017-07-12,2018-01-09,46
Spaletta Fire,Inverness,2017-07-12,2018-01-09,35
Navajo Fire,Perris,2017-07-13,2018-01-09,10
Reservation Fire,Marina,2017-07-16,2018-01-09,40
Grade Fire,Redwood Valley,2017-07-16,2018-01-09,900
Detwiler Fire,Mariposa,2017-07-16,2018-01-09,81826
Range Fire,Talmage,2017-07-17,2018-01-09,20
Park Fire,San Miguel,2017-07-17,2018-01-09,1649
Sand Fire,Arbuckle,2017-07-17,2018-01-09,70
Maria Fire,Mountain Ranch,2017-07-17,2018-01-09,117
Centerville Fire,Alturas,2017-07-17,2018-01-09,15
Murphy Fire,Lower Lake,2017-07-17,2018-01-09,40
Fox Fire,East Porterville,2017-07-17,2018-01-09,59
I-5 Fire,Avenal,2017-08-24,2018-01-09,2312
Sway Fire,Redway,2017-08-01,2018-01-09,19
Hudson Fire,Maricopa,2017-07-18,2018-01-09,1083
Laverne Fire,Redding,2017-07-18,2018-01-09,180
Ellis Fire,Good Hope,2017-07-18,2018-01-09,72
Hogback Fire,Three Rivers,2017-07-18,2018-01-09,58
Roadrunner Fire,East Porterville,2017-07-30,2018-01-09,2289
Twist Fire,East Sonora,2017-07-30,2018-01-09,124
Gorman Fire,Lebec,2017-07-28,2018-01-09,135
Placentia Fire,Nuevo,2017-07-28,2018-01-09,63
Willms Fire,East Oakdale,2017-07-18,2018-01-09,19
Humboldt Fire,Chico,2017-07-19,2018-04-12,103
Minerva Fire,Quincy,2017-07-29,2018-01-09,4310
Jacksonville Fire,Jamestown,2017-07-29,2018-01-09,675
Zenon Fire,Callender,2017-07-20,2018-01-09,47
Grizzly Fire,Nevada City,2017-07-21,2018-01-09,10
Ranch Fire,Somerset,2017-07-26,2018-01-09,140
Elephant Fire,Lindsay,2017-07-20,2018-01-09,416
Latrobe Fire,Rancho Murieta,2017-07-26,2018-01-09,1268
Weller Fire,Milpitas,2017-07-26,2018-01-09,51
Marble Fire,Happy Camp,2017-07-19,2018-01-09,319
Dollar Fire,Running Springs,2017-07-22,2018-01-09,85
Lost Fire,Anza,2017-07-22,2018-04-12,255
Seine Fire,Highland,2017-07-22,2018-01-09,20
Woodland Fire,Placerville,2017-07-25,2018-01-09,13
Olive Fire,Shandon,2017-07-24,2018-01-09,150
Spenceville Fire,Beale Air Force Base,2017-07-24,2018-01-09,39
Castro Fire,Gilroy,2017-07-23,2018-01-09,78
High Fire,Lucerne Valley,2017-07-23,2018-01-09,170
Live Fire,Red Bluff,2017-07-28,2018-01-09,57
Greenhorn Fire,Colfax,2017-07-27,2018-01-09,15
Falls Fire,Tuolumne City,2017-08-01,2018-01-09,20
Sky Fire,Bella Vista,2017-07-29,2018-01-09,17
Largo Fire,Rancho Murieta,2017-07-30,2018-01-09,236
Garden Fire,Bodfish,2017-07-30,2018-01-09,1350
Independence Fire,Healdsburg,2017-07-31,2018-01-09,11
Mile Fire,Crestline,2017-07-31,2018-01-09,100
Rose Fire,Lake Elsinore,2017-07-31,2018-01-09,200
Sandy Fire,Willow Creek,2017-08-02,2018-01-09,32
Camatta Fire,Shandon,2017-08-02,2018-01-09,70
Red Fire,Shandon,2017-08-02,2018-01-09,460
Saw Fire,Redway,2017-08-03,2018-01-09,85
Bryant Fire,Yucaipa,2017-08-03,2018-01-09,325
Rincon Fire,Glendora,2017-08-03,2018-01-09,10
Blocksburg Fire,Redway,2017-08-03,2018-01-09,30
Bottle Fire,Kelseyville,2017-08-08,2018-01-09,62
Stewart Fire,Loma Linda,2017-08-04,2018-01-09,122
Calgary Fire,Wofford Heights,2017-08-05,2018-01-09,50
W-2 Fire,Alturas,2017-08-06,2018-01-09,530
Reed Fire,Aguanga,2017-08-07,2018-01-09,92
Country Fire,San Miguel,2017-08-07,2018-01-09,82
Ruth Complex,Covelo,2017-08-07,2018-01-09,4736
Rose Fire,Lebec,2017-08-10,2018-01-09,338
Tilton Fire,Morgan Hill,2017-08-11,2018-01-09,100
Paskenta Fire ,Rancho Tehama Reserve,2017-08-10,2018-01-09,15
Canyon Fire,Yountville,2017-08-11,2018-01-09,114
Nuevo Fire,Nuevo,2017-08-13,2018-01-09,19
Yankee Fire,San Miguel,2017-08-11,2018-01-09,775
Blaine Fire,Highgrove,2017-08-13,2018-01-09,1500
Coronado Fire,Planada,2017-08-13,2018-01-09,125
Empire Fire,Yosemite Valley,2017-08-01,2018-01-09,8094
South Fork Fire,Yosemite Valley,2017-08-14,2018-01-09,7000
Mias Fire,Banning,2017-08-14,2018-01-09,600
Corner Fire,Burney,2017-08-17,2018-01-09,17
Hills Fire,Beaumont,2017-08-19,2018-01-09,168
Beale Fire,Beale Air Force Base,2017-08-20,2018-01-09,867
Toll Fire,East Quincy,2017-08-20,2018-01-09,186
Eclipse Complex,Happy Camp,2017-08-15,2018-01-09,78698
Indian Fire,Lone Pine,2017-08-02,2018-01-09,2295
Eclipse Fire,Campo,2017-08-21,2018-01-09,200
Young Fire,Happy Camp,2017-08-07,2018-01-09,3142
Parker 2 Fire,Alturas,2017-08-03,2018-01-09,7697
Range Fire,Dublin,2017-08-22,2018-01-09,200
Juniper Fire,Coalinga,2017-08-23,2018-01-09,31
Montezuma Fire,Borrego Springs,2017-08-26,2018-01-09,62
Peg Fire,Susanville,2017-08-26,2018-01-09,157
Vestal Fire,Shasta,2017-08-26,2018-01-09,40
Flat Fire,Auberry,2017-08-26,2018-01-09,111
Mines Fire,Mountain House,2017-08-27,2018-01-09,44
Bodega Fire,Penngrove,2017-08-27,2018-01-09,18
Canyon Fire,Lakeland Village,2017-08-27,2018-01-09,46
Hill Fire,Squaw Valley,2017-08-27,2018-01-09,69
Translator Fire,Willow Creek,2017-08-28,2018-01-09,40
Sandra Fire,Jackson,2017-08-28,2018-01-09,10
Pier Fire,East Porterville,2017-08-29,2018-01-09,36556
Bradley Fire,Dunsmuir,2017-08-28,2018-01-09,54
Ponderosa Fire,Challenge-Brownsville,2017-08-29,2018-08-30,4016
Railroad Fire,Ahwahnee,2017-08-29,2018-01-09,12407
Mud Fire,Janesville,2017-08-29,2018-01-09,6042
4-4 Fire,Alturas,2017-08-30,2018-01-09,28
Pleasant Fire,Nevada City,2017-08-30,2018-01-09,392
4-10 Fire,Alturas,2017-08-30,2018-01-09,27
Coalinga Fire,Coalinga,2017-08-30,2018-01-09,102
Miller Fire,Redway,2017-08-31,2018-01-09,34
Helena - Fork Fire,Weaverville,2017-08-30,2018-01-09,21846
Castaic Fire,Castaic,2017-08-31,2018-03-22,30
Ellie Fire,Meadowbrook,2017-09-10,2018-01-09,34
Creek Fire,Twain Harte,2017-09-03,2018-01-09,1749
Hopper Fire,Bella Vista,2017-09-01,2018-01-09,25
Caldwell Fire,Kernville,2017-09-01,2018-01-09,1319
La Tuna Fire ,Tujunga,2017-09-01,2018-01-09,7194
Mission Fire,Auberry,2017-09-03,2018-01-09,1037
Parkfield Fire,Coalinga,2017-09-03,2018-01-09,100
Palmer Fire,Calimesa,2017-09-02,2018-01-09,3800
Margarita Fire,Santa Margarita,2017-09-03,2018-01-09,120
Mule Fire,Clearlake,2017-09-05,2018-01-09,21
Mills File,Greenville,2017-09-03,2018-01-09,79
Bally Fire,Gilroy,2017-09-03,2018-01-09,100
Peak Fire,Ahwahnee,2017-09-03,2018-01-09,680
R-4 Fire,Janesville,2017-08-30,2018-01-09,18618
Cove Fire,Lake Nacimiento,2017-09-23,2018-01-09,25
Bradley Fire,Dunsmuir,2017-08-28,2018-01-09,54
Sandy Fire,Willow Creek,2017-08-02,2018-01-09,32
Table Fire,Jamestown,2017-09-19,2018-03-26,39
Linne Fire,Paso Robles,2017-09-26,2018-01-09,74
Pine Fire,King City,2017-09-11,2018-01-09,43
Eureka Fire,Downieville,2017-09-05,2018-01-09,2575
Shaver Fire,Auberry,2017-09-11,2018-01-09,10
Skeleton Fire,Upper Lake,2017-09-12,2018-01-09,200
Soda Fire,Forest Ranch,2017-09-28,2018-01-09,143
Skeggs Fire,Woodside,2017-09-11,2018-01-09,50
Berry Fire,Burney,2017-09-11,2018-01-09,900
Hole Fire,Fort Dick,2017-09-12,2018-01-09,40
Pacific Fire,Palermo,2017-09-12,2018-01-09,12
Slides Fire,Redwood Valley,2017-09-12,2018-01-09,58
Buck Fire,Hayfork,2017-09-12,2018-01-09,13417
French Fire,Shingle Springs,2017-09-17,2018-01-09,136
Eastman Fire,Madera Acres,2017-09-18,2018-01-09,483
Grape Fire,Talmage,2017-09-19,2018-01-09,146
Corral Fire,Tracy,2017-09-19,2018-04-05,155
Murphy Fire,Coalinga,2017-09-19,2018-01-09,237
Power Fire,Los Banos,2017-09-20,2018-01-09,48
Huasna Fire,Nipomo,2017-09-20,2018-01-09,245
Dexter Fire,Tuolumne City,2017-09-20,2018-01-09,10
32 Fire,Forest Ranch,2017-09-25,2018-01-09,28
Estate Fire,Allendale,2017-09-23,2018-01-09,55
Jasper Fire,Wheatland,2017-09-26,2018-01-09,26
Edwards Fire,San Leandro,2017-09-26,2018-01-09,22
Poly Fire,San Luis Obispo,2017-09-26,2018-01-09,105
Canyon Fire,Los Serranos,2017-09-25,2018-03-28,2662
Lion Fire,Three Rivers,2017-09-27,2018-01-09,18900
Rucker Fire,Mission Hills,2017-09-29,2018-01-09,444
Lakewood Fire,Bodfish,2017-09-29,2018-01-09,40
Melba Fire,Homeland,2017-09-29,2018-01-09,35
Timm Fire,Allendale,2017-10-02,2018-01-09,100
Ramblin Fire,Mariposa,2017-10-03,2018-01-09,17
36 Fire,Red Bluff,2017-10-03,2018-01-09,20
Ridge Fire,Clearlake Oaks,2017-10-06,2018-01-09,87
Jones Fire,Bella Vista,2017-10-08,2018-01-09,40
Fort Fire,Monte Rio,2017-10-07,2018-01-09,20
Freeway Fire,Red Bluff,2017-10-08,2018-01-09,10
Blue Fire,Blue Lake,2017-10-08,2018-01-09,20
Cherokee Fire,Oroville,2017-10-08,2018-02-09,8500
Atlas Fire (Southern LNU Complex),Napa,2017-10-09,2018-02-09,51624
Tubbs Fire (Central LNU Complex),Calistoga,2017-10-08,2018-02-09,36807
Nuns / Adobe / Norrbom/ Pressley / Partrick Fires / Oakmont (Central LNU Complex),Kenwood,2017-10-09,2018-02-09,44573
Partrick Fire (Central LNU Complex),Sonoma,2017-10-08,2018-01-09,8283
LaPorte Fire (Wind Complex),Loma Rica,2017-10-09,2018-02-09,6151
Cascade Fire (Wind Complex),Loma Rica,2017-10-08,2018-02-09,9989
McCourtney Fire (Wind Complex),Grass Valley,2017-10-09,2018-02-09,76
Redwood Valley Fire (Mendocino Lake Complex),Redwood Valley,2017-10-08,2018-02-09,36523
Point Fire,Buckhorn,2017-10-09,2018-01-09,130
37 Fire,Black Point-Green Point,2017-10-09,2018-01-09,1660
Pozo Fire,Santa Margarita,2017-10-09,2018-01-09,45
Tank Fire,Bear Valley Springs,2017-10-26,2018-01-09,50
Sulphur Fire (Mendocino Lake Complex),Clearlake Oaks,2017-10-09,2018-02-09,2207
Lobo Fire (Wind Complex),Grass Valley,2017-10-08,2018-02-09,821
Honey Fire,Paradise,2017-10-09,2018-01-09,150
Canyon 2 Fire,Los Serranos,2017-10-09,2018-04-05,9217
Wildomar Fire,Lakeland Village,2017-10-26,2018-01-09,866
Tehama Fire,Los Molinos,2017-10-26,2018-01-09,194
Silver Fire,Squaw Valley,2017-10-11,2018-01-09,58
Pocket Fire (Central LNU Complex),Cloverdale,2017-10-09,2018-02-09,17357
Bear Fire,Boulder Creek,2017-10-16,2018-01-09,391
Wilson Fire,Sierra Madre,2017-10-17,2018-01-09,50
River Fire,Hayfork,2017-10-14,2018-01-09,148
Quarry Fire,Arvin,2017-10-12,2018-01-09,183
Wilson Fire,Julian,2017-10-15,2018-01-09,25
Garden Fire,Lake of the Pines,2017-10-10,2018-01-09,19
Ice Fire,Pollock Pines,2017-10-10,2018-01-09,29
Portola Fire,Temecula,2017-10-10,2018-01-09,23
Meyers Fire,Muscoy,2017-12-05,2018-01-09,34
Little Mountain Fire,Muscoy,2017-12-05,2018-01-09,260
Extension Fire,Beaumont,2017-10-23,2018-01-09,50
Freeway Fire,Fontana,2017-10-24,2018-01-09,40
Rolling Fire,Arvin,2017-10-15,2018-04-03,184
Lynch Fire,Lake Nacimiento,2017-10-13,2018-01-09,73
Table Fire,Tahoma,2017-10-13,2018-01-09,426
Long Fire,Clearlake,2017-10-14,2018-01-09,100
Oakmont Fire (Central LNU Complex),Kenwood,2017-10-14,2018-04-05,100
York Fire,Del Rey Oaks,2017-10-15,2018-01-09,31
Fallon Fire,Pleasanton,2017-10-17,2018-01-09,116
Buffalo Fire,Camp Pendleton North,2017-10-17,2018-01-09,1088
Milton Fire,East Oakdale,2017-10-18,2018-01-09,13
Rye Fire,Valencia,2017-12-05,2018-01-18,6049
Creek Fire,Shadow Hills,2017-12-05,2018-08-06,15619
Thomas Fire,Santa Paula,2017-12-04,2018-01-12,281893
Riverdale Fire,Pedley,2017-12-04,2018-01-09,40
Roser Fire,Orland,2017-11-02,2018-01-09,43
Loma Fire,San Clemente,2017-10-13,2018-01-09,81
Palm Fire,Garnet,2017-11-14,2018-01-09,40
Vista Fire,Oak View,2017-10-24,2018-01-09,86
Soda Fire,Lost Hills,2017-10-20,2018-01-09,21
Bitterwater Fire,King City,2017-11-25,2018-01-09,47
Church Fire,Campo,2017-10-21,2018-01-09,100
Oak Fire,Cherry Valley,2017-11-29,2018-01-09,99
Lilac Fire,Bonsall,2017-12-07,2018-01-09,4088
Liberty Fire,Murrieta Hot Springs,2017-12-07,2018-01-09,300
Longhorn Fire,Banning,2017-12-13,2018-01-09,19
Skirball Fire,Westwood,2017-12-06,2018-01-23,422
Drum Fire,Los Alamos,2017-12-16,2018-01-09,14
Coast Fire,Lompoc,2017-12-14,2018-01-09,14
Riverbottom Fire,Rubidoux,2017-12-21,2018-01-09,45
Haycamp Fire,King City,2018-02-07,2019-01-03,50
Pleasant Fire,West Bishop,2018-02-18,2019-01-03,2070
Grant Fire,Mountain House,2018-05-14,2019-01-04,12
Patterson Fire,Winchester,2018-05-17,2019-01-04,1261
Tyler Fire,Coachella,2018-04-15,2019-01-03,15
Santa Cruz Fire,Isla Vista,2018-03-27,2019-01-03,258
Rock Fire,Shingletown,2018-03-27,2019-01-03,11
Meadow Fire,Home Gardens,2018-04-09,2019-01-03,21
Volcan Fire,Julian,2018-05-10,2019-01-04,12
Shastina Fire,Montague,2018-05-09,2019-01-04,127
Lago Fire,Lakeview,2018-04-22,2019-01-03,18
French Fire,Portola,2018-04-26,2019-01-04,20
Happy Fire,Los Alamos,2018-05-17,2019-01-04,60
Jacques Fire,Fallbrook,2018-05-09,2019-01-04,18
Alpha Fire,San Clemente,2018-05-04,2019-01-04,300
Nees Fire,South Dos Palos,2018-05-02,2019-01-04,1756
Tornado Fire,Temecula,2018-05-04,2019-01-04,70
Woodchuck Fire,Aguanga,2018-05-04,2019-01-04,15
Moffat Fire,Lone Pine,2018-04-19,2019-01-03,1065
Main Fire,Lake Elsinore,2018-04-28,2019-01-04,73
White Fire,Richgrove,2018-05-18,2019-01-04,26
Jelly Fire,Cottonwood,2018-05-18,2019-01-04,103
Ager Fire,Montague,2018-05-19,2019-01-04,27
Plaza Fire,Los Banos,2018-05-20,2019-01-04,88
Bellagio Fire,American Canyon,2018-05-21,2019-01-04,12
Agua Fire,Rainbow,2018-05-22,2019-01-04,59
Experimental Fire,Yosemite Lakes,2018-05-23,2019-01-04,56
Water Fire,Shandon,2018-05-24,2019-01-04,100
Cobble Fire,Minkler,2018-05-26,2019-01-04,108
Keeler Fire,Seven Trees,2018-05-27,2019-01-04,16
70th Fire,Mecca,2018-05-28,2019-01-04,10
Chrome Fire,Orland,2018-05-28,2019-01-04,75
Stuhr Fire,Newman,2018-05-29,2019-01-04,63
Vineyard Fire,San Miguel,2018-05-29,2019-01-04,25
Grant Fire,Mountain House,2018-05-30,2019-01-04,484
Madison FIre,Esparto,2018-06-01,2019-01-04,14
Open Fire,Nice,2018-06-01,2019-01-04,127
Plymire Fire,Red Bluff,2018-06-01,2019-01-04,23
Glen Fire,Pittsburg,2018-06-02,2019-01-04,23
Aliso Fire,Aliso Viejo,2018-06-02,2019-01-04,175
Jardin Fire,Fallbrook,2018-06-02,2019-01-04,10
Coldwell Fire,Coalinga,2018-06-02,2019-01-04,13
Black Fire,Orland,2018-06-03,2019-01-04,10
Grande Fire,Fallbrook,2018-06-03,2019-01-04,11
Ethanac Fire,Meadowbrook,2018-06-03,2019-01-04,17
Fairview Fire,Ridgemark,2018-06-03,2019-01-04,35
Resort Fire,Lake Nacimiento,2018-06-03,2019-01-04,12
Martin Fire,Weed,2018-06-03,2019-01-04,37
Adobe Fire,La Mesa,2018-06-03,2019-01-04,38
Green Fire,Rancho San Diego,2018-06-03,2019-01-04,10
Stone Fire,Agua Dulce,2018-06-04,2019-01-04,1352
Meamber Fire,Yreka,2018-06-04,2019-01-04,12
Airline Fire,King City,2018-06-04,2019-01-04,1314
Eastern Fire,King City,2018-06-04,2019-01-04,513
ONeals Fire,Auberry,2018-06-04,2019-01-04,300
Panoche Fire,Soledad,2018-06-04,2019-01-04,64
Pallet Fire,Sonoma,2018-06-05,2019-01-04,10
Vista Fire,Fallbrook,2018-06-05,2019-01-04,12
Recycle Fire,Campo,2018-06-06,2019-01-04,265
Liberty Fire,Dogtown,2018-06-11,2019-01-04,62
Bear Fire,Planada,2018-06-07,2019-01-04,200
Apple Fire,Rancho Tehama Reserve,2018-06-09,2019-01-04,2956
Chrome Fire,Orland,2018-06-09,2019-01-04,2290
Mission Fire,San Rafael,2018-06-09,2019-01-04,12
South Fire,San Rafael,2018-06-09,2019-01-04,175
Sam Fire,King City,2018-06-09,2019-01-04,96
Beaver Fire,King City,2018-06-12,2019-01-04,215
Vista Fire,Paso Robles,2018-06-13,2019-01-04,60
Santiago Fire,North Tustin,2018-06-11,2019-01-04,155
Euclid Fire,Los Serranos,2018-06-12,2019-01-04,154
Portola Fire ,Sherman Oaks,2018-06-12,2019-01-04,20
Spring Fire,Cottonwood,2018-06-13,2019-01-04,70
Bridle Fire,Aguanga,2018-06-14,2019-01-04,20
70 Fire,Thermalito,2018-06-14,2019-01-04,20
Creston FIre,Paso Robles,2018-06-14,2019-01-04,60
Tumbleweed Fire,Janesville,2018-06-14,2019-01-04,646
Planada Fire,Planada,2018-06-15,2019-01-04,4563
Raymond Fire,Yosemite Lakes,2018-06-15,2019-01-04,60
Boyer Fire,Midpines,2018-06-15,2019-01-04,53
Oregon Fire,Oroville,2018-06-16,2019-01-04,40
Creek Fire,Hidden Valley Lake,2018-06-16,2019-01-04,32
Willow Fire,Bay Point,2018-06-16,2019-01-04,25
China Fire,Ione,2018-06-17,2019-01-04,17
Vallecitos Fire,Livermore,2018-06-17,2019-01-04,20
Dinosaur Fire,Gustine,2018-06-17,2019-01-04,185
Wheeler Fire,Tuolumne City,2018-06-18,2019-01-04,115
Iron Fire,Blackhawk,2018-06-19,2019-01-04,40
Ranchita Fire,San Miguel,2018-06-19,2019-01-04,10
Yankee Fire,San Miguel,2018-06-20,2019-01-04,1500
Creek Fire,Nipomo,2018-06-21,2019-01-04,10
Bascom Fire,Palo Cedro,2018-06-23,2019-01-04,328
Lane Fire,Shingletown,2018-06-23,2019-01-04,3392
Sierra Fire,Red Bluff,2018-06-23,2019-01-04,170
Stoll Fire,Red Bluff,2018-06-23,2019-01-04,268
Pawnee Fire,Clearlake Oaks,2018-06-23,2019-01-04,15180
Canyon Fire,Piru,2018-06-23,2019-01-04,62
Stony Fire,Clearlake Oaks,2018-07-04,2019-01-04,75
Sheep Fire,Stallion Springs,2018-06-29,2019-01-04,95
Creek Fire,Redding,2018-06-24,2019-01-04,1678
Flat Fire,Tuolumne City,2018-06-24,2019-01-04,163
Horse Fire,Copperopolis,2018-06-24,2019-01-04,80
Romero Fire,Gustine,2018-06-24,2019-01-04,68
Peach Fire ,Boonville,2018-07-05,2019-01-04,90
Waverly Fire,Rancho Calaveras,2018-06-29,2019-01-04,11789
Llano Fire,Hamilton City,2018-06-29,2019-01-04,10
Flat Fire,Weaverville,2018-06-28,2019-01-04,300
San Ardo,Lake Nacimiento,2018-06-26,2019-06-21,375
Lions Fire,Mammoth Lakes,2018-06-11,2019-01-04,4064
Anchor Fire,Squaw Valley,2018-06-27,2019-01-04,76
Shippee Fire,Durham,2018-06-26,2019-01-04,460
Fox Fire,San Luis Obispo,2018-06-26,2019-01-04,260
Hyatt Fire,Janesville,2018-06-27,2019-01-04,383
Cherry Fire,Yreka,2018-06-27,2019-01-04,63
Par Fire,Thermalito,2018-07-04,2019-01-04,191
Grant Fire,Gold River,2018-06-29,2019-01-04,30
Valley Fire,Concord,2018-06-29,2019-01-04,268
Tesla Fire,Livermore,2018-06-29,2019-01-04,70
Creek Fire,Running Springs,2018-06-30,2019-01-04,33
County Fire,Esparto,2018-06-30,2019-01-04,90000
Benton Fire,Anza,2018-07-04,2019-01-04,63
Lariat Fire,Rancho Tehama Reserve,2018-07-14,2019-01-04,33
School Fire,Auberry,2018-07-10,2019-01-04,12
Petersburg Fire,Weaverville,2018-07-01,2019-01-04,215
West Fire,Alpine,2018-07-06,2019-01-04,504
Buckingham Fire,Lafayette,2018-07-02,2019-01-04,45
Shingle Fire,Rancho Murieta,2018-07-04,2019-01-04,316
Klamathon Fire,Montague,2018-07-05,2019-01-04,38008
Irish Fire,Ione,2018-07-06,2019-01-04,825
Valley Fire,Yucaipa,2018-07-06,2019-01-04,1350
Eagle Fire,Alturas,2018-07-13,2019-01-04,2100
Holiday Fire,Goleta,2018-07-06,2019-01-04,113
Bridle Fire,Gilroy,2018-07-06,2019-01-04,116
Stoney Fire,Chico,2018-07-12,2019-01-04,962
Gray Fire,Muscoy,2018-07-13,2019-01-04,12
Ferguson Fire,Midpines,2018-07-13,2019-01-04,96901
Lebec Fire,Lebec,2018-07-08,2019-01-04,62
Dark Fire,Berry Creek,2018-07-10,2019-01-04,11
Curie Fire,Seven Trees,2018-07-10,2019-01-04,70
Hale Fire,Morgan Hill,2018-07-10,2019-01-04,51
Kelley Fire,Alturas,2018-07-14,2019-01-04,52
Panoche Fire,Ridgemark,2018-07-11,2019-01-04,278
Georges Fire,Lone Pine,2018-07-08,2019-01-04,2883
Vista Fire,Bella Vista,2018-07-08,2019-01-04,31
Bruce Fire,Blackhawk,2018-07-08,2019-01-04,56
Grant Fire,Mountain House,2018-07-08,2019-01-04,480
Box Fire,Muscoy,2018-07-06,2019-01-04,100
Cornerstone Fire,Yosemite Lakes,2018-07-09,2019-01-04,11
Spring 2 Fire,Clearlake Oaks,2018-07-09,2019-01-04,80
Dale Fire,Shingletown,2018-07-09,2019-01-04,856
Idria Fire,South Dos Palos,2018-07-12,2019-01-04,116
Steamboat Fire,Montague,2018-07-15,2019-01-04,224
3-10 Fire,Burney,2018-07-15,2019-01-04,56
Johnson Fire,Westhaven-Moonstone,2018-07-15,2019-01-04,16
3-18 Fire,Burney,2018-07-15,2019-01-04,32
3-16 Fire,Burney,2018-07-15,2019-01-04,89
Tuscan Fire,Red Bluff,2018-07-15,2019-01-04,50
Mill Creek 1 Fire,Willow Creek,2018-08-16,2019-01-04,3674
Camp Fire,Lake Nacimiento,2018-07-17,2019-01-04,14
Lott Fire,Montague,2018-07-17,2019-01-04,10
Cruces Fire,Buellton,2018-07-18,2019-01-04,77
Eighty Eight Fire,Cottonwood,2018-07-18,2019-01-04,822
Simmons Fire,Oroville East,2018-07-19,2019-01-04,43
Ben Fire,Mariposa,2018-07-19,2019-01-04,40
Cinnamon Fire,San Diego Country Estates,2018-07-20,2019-01-04,13
Skyline Fire,Corona,2018-07-19,2019-01-04,282
Highland Fire,Lewiston,2018-07-20,2019-01-04,63
Windmill Fire,Buellton,2018-07-20,2019-01-04,110
Carder Fire,Kelseyville,2018-07-21,2019-01-04,50
Rock Fire,Lake Nacimiento,2018-07-21,2019-01-04,30
Mustang Fire,Paso Robles,2018-07-21,2019-01-04,37
Country Fire,Milpitas,2018-07-22,2019-01-04,320
Heart Fire,Redwood Valley,2018-07-21,2019-01-04,67
Horse Creek Fire,Three Rivers,2018-07-19,2019-01-04,34
Carr Fire,Shasta,2018-07-23,2018-08-30,229651
Pico Fire,Stevenson Ranch,2018-07-23,2019-01-04,128
Martinez Fire,Thermal,2018-07-23,2019-01-04,40
Ridge Fire,Lakeport,2018-09-02,2019-01-04,36
Crestline Fire,Burney,2018-07-24,2019-01-04,51
Roxie Fire (Formerly 1-1 Fire),Susanville,2018-07-24,2019-01-04,167
Church Fire,San Martin,2018-07-25,2019-01-04,20
Marsh Fire,Clayton,2018-07-25,2019-01-04,247
Hidden Fire,Ridgemark,2018-07-25,2019-01-04,39
Patterson Fire,Mountain House,2018-07-25,2019-01-04,34
Western Fire,Cloverdale,2018-08-01,2019-01-04,106
Pasqual Fire,San Pasqual,2018-07-27,2019-01-04,365
Ribbon Fire,Anza,2018-07-26,2019-01-04,205
Parrots Fire,Murphys,2018-08-05,2019-01-04,136
Wagner Fire,Midpines,2018-08-04,2019-01-04,22
Creek Fire,Pleasanton,2018-08-04,2019-01-04,30
Tarina Fire,Lamont,2018-08-03,2019-01-04,3156
Ranch Fire (Mendocino Complex),Redwood Valley,2018-07-27,2019-01-04,410203
Balch Fire,East Porterville,2018-07-27,2019-01-04,100
River Fire (Mendocino Complex),Talmage,2018-07-27,2019-01-04,48920
Breckenridge Fire,Lamont,2018-07-27,2019-01-04,993
Whaleback Fire,Susanville,2018-07-27,2019-01-04,18703
Natchez Fire,Happy Camp,2018-07-15,2019-01-04,38134
Donnell Fire,Arnold,2018-08-01,2019-01-04,36450
Owens Fire,Mammoth Lakes,2018-07-31,2019-01-04,338
Sobrante Fire,Woodcrest,2018-07-28,2019-01-04,30
Rock Fire,Fallbrook,2018-07-28,2019-01-04,207
Butte Fire,Sutter,2018-07-31,2019-01-04,1200
Steele Fire,Winters,2018-07-28,2019-01-04,135
Eel Fire,Covelo,2018-07-31,2019-01-04,972
Corner Fire,Burney,2018-07-29,2019-01-04,35
Reservoir Fire,San Luis Obispo,2018-09-16,2019-01-04,51
Casner Fire,San Diego Country Estates,2018-08-06,2019-01-04,14
Bumper Fire,Shingle Springs,2018-08-01,2019-01-04,67
Omega Fire,Cool,2018-08-01,2019-01-04,66
Sunset Fire,Elverta,2018-08-01,2019-01-04,695
Turkey Fire,Shandon,2018-08-06,2019-01-04,2225
Holy Fire,Trabuco Canyon,2018-08-06,2019-01-04,23136
Terra Fire,El Cerrito Corona,2018-08-06,2019-01-04,35
South Fire,Rancho Calaveras,2018-08-06,2019-01-04,290
Murphy Fire,Chester,2018-08-07,2019-01-04,117
Five Fire,Kettleman City,2018-08-06,2019-01-04,2995
Pine Fire,Oildale,2018-08-16,2019-01-04,114
Hirz Fire,Bella Vista,2018-08-09,2019-01-04,46150
Land Fire,Calimesa,2018-08-22,2019-01-04,23
Rangeland Fire,Ramona,2018-08-09,2019-01-04,250
Hat Fire,Burney,2018-08-09,2019-01-04,1900
Syar Fire,Napa,2018-08-09,2019-01-04,10
Alhambra Fire,Martinez,2018-08-17,2019-01-04,30
Snell Fire,Angwin,2018-09-08,2019-01-04,2490
Nelson Fire,Vacaville,2018-08-10,2019-01-04,2162
Marcel Fire,Golden Hills,2018-08-17,2019-01-04,34
Oak Fire,Alta Sierra,2018-08-12,2019-01-04,16
Cloverdale Fire,Escondido,2018-08-13,2019-01-04,100
Gulch Fire,San Miguel,2018-08-11,2019-01-04,700
River Fire,Alta Sierra,2018-08-15,2019-01-04,496
Stone Fire,Alturas,2018-08-15,2019-01-04,39387
Castro Fire,Fairview,2018-08-26,2019-01-04,48
Call Fire,Bodfish,2018-08-18,2019-01-04,367
Gorge Fire,Hayfork,2018-08-19,2019-01-04,155
Front Fire,Santa Maria,2018-08-19,2019-01-04,1014
Keller Fire,Murrieta Hot Springs,2018-08-19,2019-01-04,10
Eastman Fire,Madera Acres,2018-08-23,2019-01-04,289
Country Fire,Moreno Valley,2018-08-25,2019-01-04,32
Redinger Fire,Auberry,2018-08-27,2019-01-04,88
Cache Fire,Clearlake,2018-08-26,2019-01-04,103
Winchester Fire,Winchester,2018-08-27,2019-01-04,36
Fork Fire,Glendora,2018-09-09,2019-01-04,166
Grade Fire,Hidden Valley Lake,2018-08-30,2019-01-04,60
Ogilvy Fire,Montecito,2018-09-01,2019-01-04,172
Essex Fire,Alturas,2018-09-02,2019-01-04,15
Sterling,Highland,2018-08-31,2019-01-04,125
Delta Fire,Central Valley (historical),2018-09-05,2019-01-04,63311
Kelsey Fire,Kelseyville,2018-09-03,2019-01-04,24
North Fire,Foresthill,2018-09-03,2019-01-04,1120
Sliger Fire,Auburn Lake Trails,2018-09-04,2019-01-04,150
Ranchera Fire,Central Valley (historical),2018-09-04,2019-01-04,13
Tulloch Fire,Copperopolis,2018-09-08,2019-01-04,573
Kerlin Fire,Willow Creek,2018-09-04,2019-01-04,1751
Boot Fire,Bridgeport,2018-09-04,2019-01-04,6974
Metz Fire,Greenfield,2018-09-13,2019-01-04,411
Irving Fire,Lagunitas-Forest Knolls,2018-09-10,2019-01-04,152
Water Fire,Frazier Park,2018-09-12,2019-01-04,200
Soboba Fire,San Jacinto,2018-09-14,2019-01-04,25
Meyers Fire,Camino,2018-09-20,2019-01-04,12
Charlie Fire,Castaic,2018-09-22,2019-01-04,3380
Oak Fire,Ahwahnee,2018-09-22,2019-01-04,360
Copper Fire,Westwood,2018-09-22,2019-01-04,53
Wilson Fire,Chester,2018-09-28,2019-01-04,261
Silver Fire,Palo Cedro,2018-09-28,2019-01-04,76
Quimby Fire,East Foothills,2018-09-23,2019-01-04,30
Nimshew Fire,Magalia,2018-09-24,2019-01-04,33
Keenbrook Fire,Muscoy,2018-09-26,2019-01-04,53
Nacimiento Fire,King City,2018-10-02,2019-01-04,150
Eagle Fire,Squaw Valley,2018-10-02,2019-01-04,32
Sun Fire,Red Bluff,2018-10-07,2019-01-04,3889
Park Fire,Morgan Hill,2018-10-07,2019-01-04,63
Iron Gate Fire,Montague,2018-10-10,2019-01-04,15
Winters Fire,Allendale,2018-10-12,2019-01-04,160
Priest Fire,Coalinga,2018-10-13,2019-01-04,167
Tower Fire,Shasta,2018-10-14,2019-01-04,12
Masonic Fire,Redding,2018-10-14,2019-01-04,38
Powellton Fire,Magalia,2018-10-15,2019-01-04,10
Camino Fire,Arroyo Grande,2018-10-19,2019-01-04,58
Market Fire,Woodlake,2018-10-24,2019-01-04,120
June Fire,Palermo,2018-10-30,2019-01-04,550
Rincon Fire,Pasatiempo,2018-11-03,2019-01-04,17
Brushy Fire,Covelo,2018-11-08,2019-01-04,35
Camp Fire,Magalia,2018-11-08,2018-11-25,153336
Adams Fire,Cottonwood,2018-11-05,2019-01-04,60
Horn Fire,Johnstonville,2018-11-08,2019-01-04,88
Nurse Fire,Suisun,2018-11-08,2019-01-04,1500
Hill Fire,Casa Conejo,2018-11-08,2019-01-04,4381
Woolsey Fire,Santa Susana,2018-11-08,2019-01-04,96949
Pilot Fire,Willow Creek,2019-01-01,2019-01-15,30
Morgan Fire,Blackhawk,2018-11-15,2019-01-04,20
Green Hill Fire,Blue Lake,2018-11-12,2019-01-04,10
Sierra Fire,Fontana,2018-11-13,2019-01-04,147
Niles Fire,Fremont,2018-11-14,2019-01-04,20
Briggs Fire,Saticoy,2018-11-15,2019-01-04,150
Peak Fire,Santa Susana,2018-11-12,2019-01-04,186
Bear Fire ,Boulder Creek,2018-11-16,2019-01-04,10
Scott Fire,Loma Rica,2019-06-25,2019-06-25,80
York Fire,Avenal,2019-04-28,2019-06-24,161
Cana Fire,Hamilton City,2019-04-30,2019-05-08,10
Woody Fire,Richgrove,2019-04-30,2019-05-08,115
Meridian Fire,Chico,2019-05-01,2019-05-08,50
Vulcan Fire,Pine Mountain Club,2019-05-03,2019-05-08,172
Refuge Fire,Lost Hills,2019-05-07,2019-05-09,2500
Sugar Fire,Foresthill,2019-05-10,2019-05-24,65
Shady Fire,Coachella,2019-05-18,2019-05-24,130
Paskenta Fire,Rancho Tehama Reserve,2019-05-20,2019-05-24,63
Foothill Fire,Nuevo,2019-05-20,2019-05-24,26
Belmont Fire,Lost Hills,2019-05-29,2019-06-03,835
Hill Fire,Orange Cove,2019-05-29,2019-06-05,121
Diversion Fire,Blythe,2019-05-30,2019-06-03,45
Canyon Fire,Patterson,2019-05-30,2019-06-11,144
66 Fire,Mecca,2019-05-29,2019-06-24,55
Spruce Fire,Exeter,2019-06-01,2019-06-11,155
Citrus Fire,Strathmore,2019-06-02,2019-06-11,257
Yokohl Fire,East Porterville,2019-06-03,2019-06-04,33
Bear Fire,East Porterville,2019-06-03,2019-06-11,25
Boulder Fire,Lost Hills,2019-06-05,2019-06-11,1075
Willow Fire,Bay Point,2019-06-06,2019-06-11,23
Nelson Fire ,Green Valley,2019-06-07,2019-06-17,24
Watt Fire,North Highlands,2019-06-07,2019-06-11,27
Stuhr Fire,Newman,2019-06-07,2019-06-11,581
Levee Fire,Marysville,2019-06-08,2019-06-17,70
Sand Fire,Arbuckle,2019-06-08,2019-06-17,2220
Ink Fire,Angwin,2019-06-08,2019-06-17,50
West Butte Fire,Sutter,2019-06-08,2019-06-17,1350
McMillan Fire,Shandon,2019-06-12,2019-06-24,1763
Malech Fire,Morgan Hill,2019-06-09,2019-06-11,210
Calaveras Fire ,East Foothills,2019-06-10,2019-06-17,35
Ardo Fire,Lake Nacimiento,2019-06-12,2019-06-17,43
Springs Fire,Terra Bella,2019-06-10,2019-06-11,47
Bitter Fire ,Shandon,2019-06-10,2019-06-11,120
Pauma Fire,Valley Center,2019-06-10,2019-06-24,15
32 Fire,Chico,2019-06-15,2019-06-24,17
Rocky Fire,Montague,2019-06-14,2019-06-17,17
IronGate Fire,Montague,2019-06-16,2019-06-21,10
Weisgarber Fire,Fallbrook,2019-06-20,2019-06-21,120
Lumgrey Fire,Sutter,2019-06-17,2019-06-24,207
Jerry Fire,Lakeview,2019-06-21,2019-06-24,500
Mountain Fire,Mountain House,2019-06-21,2019-06-24,30
Paskenta Fire,Rancho Tehama Reserve,2019-06-22,2019-06-24,46
Scott Fire,Loma Rica,2019-06-24,2019-06-24,80
Rock Fire,Patterson,2019-06-25,2019-06-27,2420
Lonoak Fire,King City,2019-06-25,2019-06-26,2546
Trinity Fire,Shasta,2019-06-26,2019-06-26,90
Mines Fire,Tracy,2019-06-26,2019-06-27,17
Dyer Fire,North Highlands,2019-06-26,2019-06-27,148
Nuevo Fire,Nuevo,2019-06-27,2019-06-27,20
Long Fire,Nevada City,2019-06-28,2019-06-28,2
Otay Fire,Jamul,2019-06-29,2019-06-30,28
Wolf Fire ,Beaumont,2019-06-29,2019-06-30,214
Merced Fire ,Planada,2019-06-29,2019-07-02,210
Mayberry Fire ,Lake Wildwood,2019-06-29,2019-06-29,12
Coyote Fire,Morgan Hill,2019-07-02,2019-07-02,74
Hollow Fire,Mountain House,2019-07-03,2019-07-05,283
Bikeway Fire,Patterson,2019-07-05,2019-07-05,25
Fellow Fire,Martinez,2019-07-05,2019-07-05,24
Ranch Fire,Lewiston,2019-07-05,2019-07-06,30
Snowstorm Fire,Johnstonville,2019-07-05,2019-07-06,263
Gillis Fire,Shandon,2019-07-08,2019-07-09,1010
Sargent Fire,San Miguel,2019-07-09,2019-07-10,190
Gibbel Fire ,East Hemet,2019-07-11,2019-07-11,20
Lincoln Fire,Mecca,2019-07-12,2019-07-17,80
Mid Fire,San Martin,2019-07-12,2019-07-12,22
Orange fire,Nuevo,2019-07-13,2019-07-13,96
Doyle Fire,Portola,2019-07-14,2019-07-16,193
South Fire ,Fillmore,2019-07-14,2019-07-15,131
Milton Fire ,East Oakdale,2019-07-15,2019-07-16,202
Aborn Fire,Alum Rock,2019-07-15,2019-07-15,47
Madera Fire ,Bonadelle Ranchos-Madera Ranchos,2019-07-15,2019-07-16,213
Meadow Fire,Aguanga,2019-07-16,2019-07-17,81
Vista Fire,Harbison Canyon,2019-07-17,2019-07-18,25
Rains Fire,Patterson,2019-07-18,2019-07-18,35
Whiskey Fire,Rancho Calaveras,2019-07-18,2019-07-20,27
Range Fire,Santa Ynez,2019-07-28,2019-08-05,100
Mill Fire,Greenfield,2019-07-30,2019-08-12,280
Carson Fire,Placerville,2019-07-30,2019-07-31,13
Browns Fire,Clay,2019-08-02,2019-08-02,84
Prairie Fire ,El Dorado Hills,2019-08-02,2019-08-02,50
Meadow Fire (Not a CAL FIRE incident),Alturas,2019-08-02,2019-08-02,103
Marsh Complex,Clayton,2019-08-03,2019-08-06,340
Five Fire,Lebec,2019-08-03,2019-08-05,156
La Barisa Fire,Yucca Valley,2019-08-03,2019-08-04,26
Caliente Fire,Bear Valley Springs,2019-08-05,2019-08-06,29
Toro Fire ,Meadowbrook,2019-08-05,2019-08-06,94
Golf Fire,Soda Bay,2019-08-08,2019-08-11,20
Preston Fire,Jamestown,2019-08-08,2019-08-08,21
W1 McDonald Fire,Alturas,2019-08-08,2019-08-11,1020
Heavy Range Fire,Beale Air Force Base,2019-08-10,2019-08-10,33
Radio Fire,Beaumont,2019-08-12,2019-08-12,20
Lower Fire,Shasta,2019-08-12,2019-08-13,46
Moose Fire,Talmage,2019-08-12,2019-08-17,225
Timm Fire ,Allendale,2019-08-13,2019-08-13,81
Greenstone Fire ,Shingle Springs,2019-08-14,2019-08-14,16
Spring Fire ,Williams,2019-08-14,2019-08-14,20
Cottage Fire,Palo Cedro,2019-08-15,2019-08-17,156
Patterson Fire,Deer Park,2019-08-15,2019-08-16,35
Patterson Fire,Mountain House,2019-08-21,2019-08-21,139
Mountain Fire,Bella Vista,2019-08-22,2019-08-26,600
Yucca Fire,Aguanga,2019-08-22,2019-08-23,34
Horse Fire,Susanville,2019-08-24,2019-08-27,131
Ivy Fire,El Cerrito Corona,2019-08-25,2019-08-25,80
Sage Fire,Aguanga,2019-08-27,2019-08-27,12
R-1 Fire,Susanville,2019-08-28,2019-09-04,3380
Carroll Fire,Livermore,2019-08-31,2019-08-31,19
Jolon Fire,Lake Nacimiento,2019-09-01,2019-09-02,66
Snail Fire,Pine Mountain Club,2019-09-01,2019-09-05,279
Mines Fire,Livermore,2019-09-02,2019-09-02,11
Antelope Fire,South Dos Palos,2019-09-02,2019-09-03,167
Telephone Fire,Oak Hills,2019-09-02,2019-09-06,15
Country Fire,Auburn Lake Trails,2019-09-03,2019-09-06,85
Deer Fire,Boulder Creek,2019-09-03,2019-09-06,10
Tenaja,Murrieta,2019-09-04,2019-09-14,1926
Glass Fire,Lower Lake,2019-09-04,2019-09-05,28
Foster Fire ,Ridgemark,2019-09-04,2019-09-04,17
Red Bank Fire,Rancho Tehama Reserve,2019-09-05,2019-09-13,8836
Flood Fire ,Linden,2019-09-05,2019-09-05,44
Henthorne Fire,Covelo,2019-09-05,2019-09-18,244
South Fire,Rancho Tehama Reserve,2019-09-05,2019-12-02,5332
Lone Fire,Alturas,2019-09-06,2019-09-13,5737
Cow Fire,Lone Pine,2019-09-06,2019-11-21,1975
Taboose Fire,Big Pine,2019-09-06,2019-11-21,10296
Forbestown Fire,Oroville East,2019-09-06,2019-09-12,58
Kidder 2 Fire,Happy Camp,2019-09-07,2019-09-26,227
Rams Horn Fire,Mount Shasta,2019-09-07,2019-09-12,280
Oak Fire,Kelseyville,2019-09-07,2019-09-08,53
Swedes Fire,Oroville East,2019-09-07,2019-09-13,496
Duzel Fire,Yreka,2019-09-07,2019-09-10,15
Sycamore Fire,March Air Force Base,2019-09-07,2019-09-08,250
McMurray Fire,Buellton,2019-09-09,2019-09-14,200
Bailey Fire,Anza,2019-09-10,2019-09-10,10
Bridge Fire,Merced,2019-09-13,2019-09-13,11
Bautista Fire,Idyllwild-Pine Cove,2019-09-15,2019-09-22,167
Reservoir Fire,Milpitas,2019-09-21,2019-09-24,128
Lopez Fire,Arroyo Grande,2019-09-21,2019-09-27,220
Kennedy Fire,Moreno Valley,2019-09-21,2019-09-22,98
Tulloch Fire,Copperopolis,2019-09-23,2019-09-24,83
Cow Fire,Shingletown,2019-09-24,2019-09-24,16
Electra Fire,Pine Grove,2019-09-25,2019-09-25,10
Willow Fire,Lakeside,2019-09-25,2019-09-25,52
Hwy Fire,Durham,2019-09-28,2019-09-28,300
Chaparral Fire,Cameron Park,2019-09-29,2019-09-29,22
Warren Fire,Winchester,2019-09-30,2019-09-30,19
Del Fire,Patterson,2019-10-03,2019-10-04,18
Elk Fire,Happy Camp,2019-10-04,2019-10-03,63
American Fire,American Canyon,2019-10-06,2019-10-07,526
Point Fire ,Hollister,2019-10-07,2019-10-07,29
Dales Fire,Red Bluff,2019-10-07,2019-10-07,11
Little Fire,Pleasanton,2019-10-08,2019-10-08,12
Cross Fire,San Miguel,2019-10-09,2019-10-11,289
Corning Fire ,Corning,2019-10-09,2019-10-09,68
Inghram Fire,Corning,2019-10-09,2019-10-08,10
Merrill Fire,Moraga,2019-10-10,2019-10-10,40
Eagle Fire,El Cerrito Corona,2019-10-10,2019-10-10,9
Reche Fire,Moreno Valley,2019-10-10,2019-10-13,350
Plains Fire,Palo Cedro,2019-10-10,2019-10-10,42
Wolf Fire,Banning,2019-10-10,2019-10-12,75
Saddle Ridge Fire,San Fernando,2019-10-10,2019-10-31,8799
Bitter Fire,Shandon,2019-10-11,2019-10-11,30
Olivas Fire,El Rio,2019-10-11,2019-10-12,200
Horse Fire,Janesville,2019-10-13,2019-10-16,55
Johnson Fire ,Oasis,2019-10-14,2019-10-16,75
Fairmont Fire,Lemon Grove,2019-10-15,2019-10-16,10
Real Fire,Solvang,2019-10-17,2019-10-21,420
Mud Fire ,Coalinga,2019-10-18,2019-10-19,137
Beaumont Fire,Redlands,2019-10-21,2019-10-22,11
Palisades Fire,Topanga,2019-10-21,2019-10-31,42
Kincade Fire,Cobb,2019-10-23,2019-11-06,77758
Nelson Fire ,Durham,2019-10-24,2019-10-24,80
Cabrillo Fire,Boulder Creek,2019-10-24,2019-10-27,62
Mines Fire,Livermore,2019-10-24,2019-10-27,35
Sawday Fire ,San Diego Country Estates,2019-10-25,2019-10-28,97
Miller Fire,Valley Center,2019-10-25,2019-10-27,37
Rawson Fire,Corning,2019-10-27,2019-10-28,605
Cypress Complex,Bethel Island,2019-10-27,2019-10-28,200
Sky Fire ,Crockett,2019-10-27,2019-10-28,150
Glencove Fire ,Crockett,2019-10-27,2019-10-28,140
Burris Fire,Redwood Valley,2019-10-27,2019-11-03,703
Forest Fire,Mountain View,2019-10-27,2019-10-28,50
Getty Fire ,Sherman Oaks,2019-10-28,2019-11-05,745
Easy Fire,Simi Valley,2019-10-30,2019-11-02,2375
Hill Fire ,Glen Avon,2019-10-31,2019-11-02,628
46 Fire,Rubidoux,2019-10-31,2019-11-03,328
Hillside Fire,Crestline,2019-10-31,2019-11-05,200
Maria Fire ,Santa Paula,2019-10-31,2019-11-06,9999
Sobrante Fire ,El Cerrito Corona,2019-11-01,2019-11-01,19
Ranch Fire,Rancho Tehama Reserve,2019-11-03,2019-11-14,2534
Eagle Fire,Clearlake Oaks,2019-11-05,2019-11-06,75
Cave Fire,Goleta,2019-11-25,2019-12-14,3126
Antelope Fire,Portola,2020-02-17,2020-02-20,102
Beegum Fire,Lewiston,2020-02-23,2020-02-24,75
Wood Fire,Johnstonville,2020-02-23,2020-02-23,57
Baseball Fire,Covelo,2020-02-25,2020-03-03,211
Grizzly Fire,Orland,2020-03-02,2020-03-05,154
Carter Fire ,Brawley,2020-04-04,2020-04-12,275
Red Fire ,Rancho Tehama Reserve,2020-04-23,2020-04-24,26
Byron Fire,Byron,2020-04-27,2020-04-27,47
Interstate 5 Fire,Avenal,2020-05-03,2020-05-03,2060
Hollister Fire,Buellton,2020-05-07,2020-05-09,156
Candy Fire,Palermo,2020-05-08,2020-05-08,17
Gilman Fire,Beaumont,2020-05-18,2020-05-18,20
Spanish Fire ,Angwin,2020-05-22,2020-05-23,20
Range Fire,San Luis Obispo,2020-05-27,2020-05-28,5000
Harley Fire,Woodcrest,2020-05-28,2020-05-28,60
Horn Fire ,Johnstonville,2020-06-02,2020-06-02,37
Smoketree Fire,Palm Springs,2020-06-02,2020-06-07,129
Wildlife Fire,Suisun,2020-06-03,2020-06-04,300
Brock Fire,Bella Vista,2020-06-04,2020-06-04,15
Colleen Fire,Seven Trees,2020-06-04,2020-06-07,126
Karchner Fire,Sheridan,2020-06-05,2020-06-05,39
Lakeville Fire,Temelec,2020-06-05,2020-06-06,141
McGary Fire ,Green Valley,2020-06-05,2020-06-05,79
Gulch Fire,Temelec,2020-06-06,2020-06-08,107
Quail Fire,Winters,2020-06-06,2020-06-10,1837
Willow Fire ,Concord,2020-06-06,2020-06-07,100
Hunters Fire,Mariposa,2020-06-07,2020-06-10,85
Sperry Fire,Patterson,2020-06-08,2020-06-08,80
Grand Fire,Lakeland Village,2020-06-08,2020-06-09,27
Bradley Fire ,San Miguel,2020-06-08,2020-06-09,230
Sierra Fire,El Cerrito Corona,2020-06-08,2020-06-09,100
Oak Fire,Valle Vista,2020-06-08,2020-06-08,20
Vineyard Fire ,Boonville,2020-06-09,2020-06-10,151
India Fire,San Clemente,2020-06-09,2020-06-12,1100
Elizabeth Fire,Saticoy,2020-06-10,2020-06-12,300
Soda Fire,Lost Hills,2020-06-10,2020-06-11,1680
Lime Fire,Piru,2020-06-10,2020-06-17,803
Skyline Fire,Jamul,2020-06-11,2020-06-14,100
Watt Fire,North Highlands,2020-06-11,2020-06-11,40
Grant Fire,Rancho Murieta,2020-06-12,2020-06-17,5042
Hog Fire,Minkler,2020-06-12,2020-07-08,533
Cornetts Fire,Mariposa,2020-06-13,2020-06-16,191
Dawson Fire ,El Cerrito Corona,2020-06-13,2020-06-13,10
Avila Fire,Avila Beach,2020-06-15,2020-06-19,445
Bitter Fire ,King City,2020-06-16,2020-06-21,813
Riata Fire ,Santa Margarita,2020-06-16,2020-06-17,18
Walker Fire,San Andreas,2020-06-16,2020-06-20,1455
Nelson Fire ,Thermalito,2020-06-17,2020-06-17,95
Liberty Fire,Collierville,2020-06-17,2020-06-18,89
Ridge Fire,King City,2020-06-17,2020-06-22,83
Baker Fire,Bear Valley Springs,2020-06-17,2020-06-18,165
Nelson Fire,Lincoln,2020-06-18,2020-06-18,110
Fork Fire,Three Rivers,2020-06-18,2020-06-22,130
Teddy Fire,Loma Rica,2020-06-18,2020-06-18,13
Springs Fire,Terra Bella,2020-06-19,2020-06-22,217
Honcut Fire,Palermo,2020-06-20,2020-06-20,89
Quarter Fire,Twain Harte,2020-06-21,2020-07-07,10
Hunter Fire,Lake Nacimiento,2020-06-21,2020-06-25,195
Stage Fire,Salinas,2020-06-21,2020-06-22,52
Grade Fire ,Orosi,2020-06-22,2020-06-26,1050
Rico Fire ,Lake Nacimiento,2020-06-22,2020-06-23,348
River Fire,Paso Robles,2020-06-22,2020-06-23,15
Sycamore Fire,Auberry,2020-06-23,2020-06-26,19
R-2 Fire,Janesville,2020-06-23,2020-06-26,563
R-3 Fire,Janesville,2020-06-24,2020-06-26,210
58 Fire,Salton City,2020-06-24,2020-06-27,12
Diablo Fire,Patterson,2020-06-25,2020-06-26,202
Bend Fire,Lost Hills,2020-06-25,2020-06-28,263
Aurora Fire,Bridgeport,2020-06-26,2020-07-02,280
Pass Fire,Hollister,2020-06-28,2020-07-03,2192
Gage Fire,Lake Nacimiento,2020-06-28,2020-06-28,33
Muck Fire ,Burney,2020-06-29,2020-06-29,12
Avacado Fire,Loma Rica,2020-06-30,2020-07-03,136
Flat Fire,Willow Creek,2020-06-30,2020-07-24,62
Bena Fire,Arvin,2020-07-01,2020-07-03,4000
Rowher Fire,Agua Dulce,2020-07-01,2020-07-05,648
Bonadelle Fire,Bonadelle Ranchos-Madera Ranchos,2020-07-02,2020-07-03,500
Soda Fire ,Shandon,2020-07-03,2020-07-05,157
Mount R Fire,Running Springs,2020-07-03,2020-07-06,62
Sheridan Fire,Milpitas,2020-07-04,2020-07-05,108
Park Fire,San Martin,2020-07-04,2020-07-06,353
Crews Fire,Gilroy,2020-07-05,2020-07-13,5513
Soledad Fire,Agua Dulce,2020-07-05,2020-07-10,1525
Patterson Fire,Mountain House,2020-07-06,2020-07-06,150
Mountain Meadow Fire ,Green Valley,2020-07-06,2020-07-09,75
Nail Fire,Lucerne,2020-07-07,2020-07-09,25
Tripp Fire ,Anza,2020-07-09,2020-07-09,10
Alum Fire,East Foothills,2020-07-11,2020-07-11,31
Power Fire,Auberry,2020-07-11,2020-07-15,108
Elliot Fire,Murrieta Hot Springs,2020-07-13,2020-07-13,2
Robinson Fire,Challenge-Brownsville,2020-07-13,2020-07-15,33
Casino Fire,Aguanga,2020-07-13,2020-07-15,91
Mineral Fire,Coalinga,2020-07-13,2020-07-26,29667
Coyote Fire,Ridgemark,2020-07-15,2020-07-18,1485
Ben Fire,Mariposa,2020-07-15,2020-07-18,48
Valley Fire ,Beale Air Force Base,2020-07-15,2020-07-15,500
Hollow Fire,Mountain House,2020-07-16,2020-07-19,253
Pitzer Fire,Lucerne Valley,2020-07-17,2020-07-20,119
Badger Fire,Yreka,2020-07-18,2020-07-28,557
Hog Fire,Westwood,2020-07-18,2020-08-17,9564
Platina Fire,Lewiston,2020-07-19,2020-07-27,333
Gold Fire,Alturas,2020-07-20,2020-08-12,22614
Milepost 21 Fire,Willow Creek,2020-07-20,2020-08-18,100
Feather Fire,Thermalito,2020-07-20,2020-07-21,30
Holland Fire ,Bethel Island,2020-07-20,2020-07-20,75
Easton Fire,Highland,2020-07-20,2020-07-21,71
Rabbit Fire ,Bonadelle Ranchos-Madera Ranchos,2020-07-20,2020-07-21,135
Iris Fire,Mammoth Lakes,2020-07-21,2020-08-12,120
Jack Fire,Beaumont,2020-07-24,2020-07-25,145
Hill Fire,Williams,2020-07-24,2020-07-25,138
Karen Fire,Sunnyslope,2020-07-25,2020-07-28,250
Ione Fire ,Rancho Murieta,2020-07-26,2020-07-26,51
Ridge Fire,Lebec,2020-07-27,2020-07-30,321
Lincoln Fire,Bayview,2020-07-27,2020-07-31,25
Branch Fire,Lost Hills,2020-07-28,2020-08-01,3222
Brook Fire,Muscoy,2020-07-29,2020-08-01,185
Clay Fire,Clay,2020-07-29,2020-07-30,741
Rabbit Fire,Beaumont,2020-07-30,2020-07-31,104
Dam Fire,Azusa,2020-07-30,2020-08-14,220
Sheep Fire,Arvin,2020-07-30,2020-07-31,233
Stump Fire,Shingletown,2020-08-01,2020-09-14,684
Castaic Fire,Castaic,2020-08-01,2020-09-14,178
Pond Fire,Santa Margarita,2020-08-01,2020-08-09,2005
Sophia Fire,El Dorado Hills,2020-08-02,2020-08-02,36
Water Fire,Palm Springs,2020-08-02,2020-08-04,52
North Fire,Janesville,2020-08-02,2020-08-10,6882
Sites Fire ,Maxwell,2020-08-02,2020-08-05,560
Post Fire,Boyle Heights,2020-08-02,2020-08-04,120
Beale Fire,Beale Air Force Base,2020-08-02,2020-08-03,600
Elsmere Fire,Santa Clarita,2020-08-03,2020-08-06,200
Stagecoach Fire,Bodfish,2020-08-03,2020-08-18,7760
Trimmer Fire,Squaw Valley,2020-08-04,2020-08-20,594
Pass Fire,Shandon,2020-08-04,2020-08-05,322
Fort Fire,Lebec,2020-08-06,2020-08-07,277
Mina Fire,Covelo,2020-08-10,2020-08-12,177
Duluth Fire,Roseville,2020-08-10,2020-08-11,65
R-1 Fire,Susanville,2020-08-11,2020-08-12,285
Soda Fire,Maricopa,2020-08-12,2020-08-12,424
Lake Fire,Green Valley,2020-08-12,2020-09-28,31089
Carrizo Fire,Lost Hills,2020-08-12,2020-08-12,183
Meiss Fire,Rancho Murieta,2020-08-13,2020-08-14,512
Ranch 2 Fire,Azusa,2020-08-13,2020-10-05,4237
Clark Fire,Paradise,2020-08-14,2020-08-14,110
Whale Fire,Cayucos,2020-08-15,2020-08-19,320
3-2 Fire,Templeton,2020-08-16,2020-08-17,20
Elk Fire,Willows,2020-08-16,2020-08-17,727
August Complex (includes Doe Fire),Rancho Tehama Reserve,2020-08-16,2020-11-11,1032648
Jones Fire,Grass Valley,2020-08-17,2020-08-28,705
4-8 Fire,Willows,2020-08-17,2020-08-19,275
Murphy Fire,Georgetown,2020-08-17,2020-08-19,14
CZU Lightning Complex (Including Warnella Fire) ,Boulder Creek,2020-08-16,2020-09-22,86509
SCU Lightning Complex,Patterson,2020-08-16,2020-10-01,396624
3-19 Fire,Upper Lake,2020-08-18,2020-08-21,62
Creek Fire,Covelo,2020-08-18,2020-08-21,820
LNU Lightning Complex,Winters,2020-08-17,2020-10-02,363220
Butte/Tehama/Glenn Lightning Complex (Tehama/Glenn Zone) ,Rancho Tehama Reserve,2020-08-17,2020-10-09,19609
Flint Fire,Rancho Calaveras,2020-08-19,2020-08-19,55
Moc Fire,Tuolumne City,2020-08-20,2020-08-30,2857
Volcano Fire,Fallbrook,2020-08-20,2020-08-22,45
Coyote Fire,Morgan Hill,2020-08-21,2020-08-26,143
Sheep Fire ,Susanville,2020-08-22,2020-09-09,29570
Woodward Fire,Inverness,2020-08-18,2020-10-02,4929
R-8 Pinecone Fire ,Susanville,2020-08-26,2020-08-31,567
Johnson Fire ,Green Valley,2020-08-28,2020-08-30,290
Hensley Fire ,Bonadelle Ranchos-Madera Ranchos,2020-08-30,2020-08-30,400
Catholic Fire,Clearlake Oaks,2020-09-01,2020-09-02,13
El Dorado Fire,Yucaipa,2020-09-05,2020-11-16,22744
Valley Fire,Alpine,2020-09-05,2020-09-24,16390
Oak Fire,Brooktrails,2020-09-07,2020-09-14,1100
Willow Fire,Loma Rica,2020-09-09,2020-09-14,1311
Sperry Fire,Patterson,2020-09-08,2020-09-09,45
Schoolhouse Fire,Yreka,2020-09-09,2020-09-17,45
Shackleford Fire,Yreka,2020-09-11,2020-09-21,50
Bullfrog Fire,Squaw Valley,2020-09-12,2020-11-09,1185
Fox Fire,Weaverville,2020-09-16,2020-09-30,2188
San Antonio Fire ,Vandenberg Space Force Base,2020-09-16,2020-09-18,111
Glass Fire,Deer Park,2020-09-27,2020-10-20,67484
Zogg Fire,Shasta,2020-09-27,2020-10-13,56338
Martindale Fire ,Green Valley,2020-09-28,2020-09-30,230
Candy Fire,Meadowbrook,2020-09-29,2020-09-30,454
Copper Fire ,Rancho Murieta,2020-09-30,2020-10-03,48
Pony Fire,Rancho Murieta,2020-10-03,2020-10-04,20
Lambert Fire,Ione,2020-10-04,2020-10-06,21
Fields Fire ,Linda,2020-10-07,2020-10-07,56
Irvine Fire,Moraga,2020-10-11,2020-10-12,30
Diamond Fire,Copperopolis,2020-10-13,2020-10-15,21
Bruder Fire,Mentone,2020-10-15,2020-10-16,170
Cameron Fire,Cameron Park,2020-10-18,2020-10-21,15
Ferry Fire,Oroville,2020-10-22,2020-10-22,6
Pope Fire,Angwin,2020-10-23,2020-10-25,61
Olinda Fire,Anderson,2020-10-25,2020-10-25,5
Silverado Fire ,Foothill Ranch,2020-10-26,2020-11-07,12466
Blue Ridge Fire ,Los Serranos,2020-10-26,2020-11-07,13964
San Dimas Fire,La Verne,2020-11-06,2020-11-07,131
257 Fire,Alturas,2020-11-17,2020-11-17,49
Airport Fire,Corona,2020-12-01,2020-12-12,1087
Bond Fire,Foothill Ranch,2020-12-02,2020-12-10,6686
Thomas Fire,Alturas,2020-12-03,2020-12-03,24
Cornell Fire,Santa Paula,2020-12-07,2020-12-08,174
Sanderson Fire,Beaumont,2020-12-13,2020-12-14,1954
Erbes Fire,Thousand Oaks,2021-01-14,2021-01-15,250
Wolf Fire,Pine Mountain Club,2021-01-19,2021-01-20,865
72 Fire,Mecca,2021-01-19,2021-01-20,43
Towsley Fire,Santa Clarita,2021-01-19,2021-01-22,184
Panther Ridge Fire,Boulder Creek,2021-01-19,2021-01-22,20
Freedom Fire,Aptos Hills-Larkin Valley,2021-01-19,2021-01-22,37
Grapevine Fire,Ridgecrest,2021-03-14,2021-03-20,86
Woodman Fire,Bella Vista,2021-04-01,2021-04-01,35
Westwood Fire,Santa Susana,2021-04-04,2021-04-05,25
Paso Fire,Descanso,2021-04-12,2021-04-13,28
Turnout Fire,Boonville,2021-04-18,2021-04-24,200
River Fire,Plumas Lake,2021-04-19,2021-05-01,80
Luis Fire,Gustine,2021-04-24,2021-04-24,93
North Fire,Valencia,2021-04-28,2021-05-03,650
Sky Fire,Hidden Valley Lake,2021-04-29,2021-05-01,65
Southern Fire,Julian,2021-05-02,2021-05-06,5366
Creek Fire,Anza,2021-05-04,2021-05-04,32
Bridge Fire,Lakeview,2021-05-05,2021-05-06,226
Gunnison Fire,Hamilton City,2021-05-08,2021-05-08,550
Granite Fire,Rancho Calaveras,2021-05-08,2021-05-08,118
Dillard Fire,Walnut Grove,2021-05-08,2021-05-08,44
Quail Fire,Loma Rica,2021-05-12,2021-05-12,35
Pine Fire,Pion Hills,2021-05-12,2021-05-20,442
Fields Fire,Winton,2021-05-14,2021-05-15,97
R-1 Fire,Alturas,2021-05-14,2021-05-15,29
Palisades Fire,Topanga,2021-05-14,2021-05-26,1202
Davis Fire,Lakeview,2021-05-18,2021-05-19,300
Parkside Fire,Desert Shores,2021-05-19,2021-05-20,17
Settlers Fire,Rancho Murieta,2021-05-19,2021-05-21,45
WeeVill Fire,Green Valley,2021-05-20,2021-05-22,300
Bluff Fire,Willow Creek,2021-05-21,2021-06-06,25
Tomki Fire,Redwood Valley,2021-05-21,2021-05-24,18
Lake Fire,Pedley,2021-05-24,2021-05-27,115
Live Oak Fire,Mariposa,2021-05-27,2021-05-31,197
Mile Fire,East Oakdale,2021-05-27,2021-05-28,508
Smalley Fire,Auberry,2021-05-31,2021-06-03,45
Scott Fire,Winchester,2021-06-01,2021-06-01,28
Coyote Fire,Banning,2021-06-02,2021-06-04,43
Buck Fire,Yosemite Lakes,2021-06-06,2021-06-08,50
Farm Fire,Oak Hills,2021-06-09,2021-06-11,250
Sierra Fire,Camp Pendleton North,2021-06-09,2021-06-11,1000
Creek Fire,Arbuckle,2021-06-09,2021-06-10,34
Flats Fire,Palm Desert,2021-06-13,2021-06-21,341
Beale Fire,Beale Air Force Base,2021-06-13,2021-06-14,150
Silicon Fire,Seven Trees,2021-06-14,2021-06-14,35
Kathryn Fire,East Hemet,2021-06-15,2021-06-15,15
Rock Fire,Shasta,2021-06-15,2021-06-20,108
Dairy Fire,Gerber,2021-06-15,2021-06-24,165
Equestrian Fire,Cool,2021-06-16,2021-06-16,10
Pomo Fire,Upper Lake,2021-06-17,2021-06-17,42
Park Fire,Chico,2021-06-17,2021-06-19,402
Alabama Fire,Lone Pine,2021-06-18,2021-06-21,560
Antelope Fire,Woodlake,2021-06-18,2021-06-20,11
Success Fire,East Porterville,2021-06-18,2021-06-22,800
Nettle Fire,East Porterville,2021-06-18,2021-07-01,1265
Willow Fire,Greenfield,2021-06-18,2021-07-11,2877
Crane Fire,Lebec,2021-06-18,2021-06-20,48
Overland Fire,Pine Valley,2021-06-19,2021-06-24,515
Bautista Fire,Anza,2021-06-19,2021-06-21,95
Inyo Creek Fire,Lone Pine,2021-06-19,2021-07-09,592
Cow Fire,Palo Cedro,2021-06-20,2021-06-26,761
76 Fire,Oasis,2021-06-20,2021-06-21,20
Clevenger Fire,San Pasqual,2021-06-20,2021-06-21,53
Watt Fire,North Highlands,2021-06-21,2021-06-21,42
Antelope Fire,Alturas,2021-06-22,2021-06-29,580
Panoche Fire,Soledad,2021-06-23,2021-06-24,145
Mesa Fire,Rainbow,2021-06-23,2021-06-27,350
4-3 Fire,Alturas,2021-06-24,2021-06-28,134
Paseo Fire,San Martin,2021-06-25,2021-06-25,37
Steins Fire,Shingle Springs,2021-06-26,2021-06-27,11
Lava Fire,Weed,2021-06-24,2021-09-03,26409
Canyon Fire,Lamont,2021-06-26,2021-06-28,220
Shell Fire,Lebec,2021-06-27,2021-06-30,1984
Sky Fire,Magalia,2021-06-27,2021-07-09,76
Vulcan Fire,Clovis,2021-06-27,2021-06-29,140
Peak Fire,Crestline,2021-06-28,2021-07-01,35
Stowe Fire,Green Acres,2021-06-28,2021-06-29,122
Lilly Fire,Weed,2021-06-28,2021-06-29,35
Tennant Fire,Weed,2021-06-28,2021-07-15,10580
Beswick Fire,Montague,2021-06-28,2021-07-03,118
Blue Fire,Auberry,2021-06-30,2021-07-08,277
Salt Fire,Shasta Lake,2021-06-30,2021-07-19,12660
Main Fire,Porterville,2021-07-03,2021-07-04,384
Beckwourth Complex,Portola,2021-07-04,2021-09-22,105670
Tumbleweed Fire,Lebec,2021-07-04,2021-07-12,868
Fish Fire,Minkler,2021-07-04,2021-07-05,75
Juniper Fire,Alturas,2021-07-05,2021-07-15,1011
Broiler Fire,Redwood Valley,2021-07-07,2021-07-09,80
Basalt Fire,Gustine,2021-07-09,2021-07-09,92
Coyote Fire,McCloud,2021-07-09,2021-07-15,110
Road Fire,Descanso,2021-07-10,2021-07-17,86
Diablo Fire,Byron,2021-07-11,2021-07-11,128
Bear Fire,Lebec,2021-07-11,2021-07-12,71
River Fire,Ahwahnee,2021-07-11,2021-07-19,9656
Bradley Fire,McCloud,2021-07-11,2021-07-15,357
Dexter Fire,Mammoth Lakes,2021-07-12,2021-07-30,2965
Dixie Fire,Magalia,2021-07-13,2021-10-25,963309
Cannon Fire,Rancho Tehama Reserve,2021-07-14,2021-07-16,43
Dolicini Fire,Lagunitas-Forest Knolls,2021-07-14,2021-07-15,35
Fork Fire,Rancho Tehama Reserve,2021-07-17,2021-07-20,43
Chicken Fire,Susanville,2021-07-18,2021-07-22,55
Peak Fire,Bodfish,2021-07-20,2021-08-13,2098
Frenchtown Fire,Challenge-Brownsville,2021-07-20,2021-07-22,45
Park Fire,East Porterville,2021-07-26,2021-07-31,100
Pinnacles Fire,Soledad,2021-07-28,2021-07-31,171
Evans Fire,Greenville,2021-07-29,2021-08-08,85
McFarland Fire,Hayfork,2021-07-30,2021-09-16,122653
Robie Fire,Rancho Calaveras,2021-07-30,2021-08-01,153
Hungry Fire,Lebec,2021-07-31,2021-08-01,340
Antelope Fire,McCloud,2021-08-01,2021-10-15,145632
Hiding Fire,Shasta,2021-08-01,2021-08-01,50
Monument Fire,Hayfork,2021-07-30,2021-10-26,223124
River Complex,Happy Camp,2021-07-30,2021-10-26,199359
Antonio Fire,San Antonio Heights,2021-08-03,2021-08-16,50
House Fire,Shasta,2021-08-04,2021-08-10,60
River Fire,Colfax,2021-08-04,2021-08-13,2619
Nelson Fire,Burney,2021-08-07,2021-08-13,20
Glen Fire,Challenge-Brownsville,2021-08-11,2021-08-21,184
Coyote Fire,Hidden Valley Lake,2021-08-13,2021-08-15,127
Bell Fire,Laytonville,2021-08-14,2021-08-19,50
Caldor Fire,Buckhorn,2021-08-14,2021-10-21,221835
Walkers Fire,Three Rivers,2021-08-16,2021-09-17,8777
Cache Fire,Lower Lake,2021-08-18,2021-08-23,83
McCash Fire,Happy Camp,2021-08-18,2021-11-02,94962
Rock Fire,Anza,2021-08-24,2021-08-27,295
Mule Fire,Shasta,2021-08-25,2021-08-25,10
Airola Fire,Columbia,2021-08-25,2021-09-04,639
South Fire,Fontana,2021-08-25,2021-09-02,680
Westward Fire,Banning,2021-08-25,2021-08-28,160
Washington Fire,Jamestown,2021-08-26,2021-09-01,100
Roadside Fire,Muscoy,2021-08-28,2021-09-02,50
Chaparral Fire,Wildomar,2021-08-28,2021-09-01,1427
Railroad Fire,Oak Hills,2021-08-29,2021-09-02,61
Knob Fire,Willow Creek,2021-08-29,2021-09-13,2421
K-Rail,Willow Creek,2021-08-30,2021-09-08,16
Lawrence Fire,Somerset,2021-09-05,2021-09-07,46
Bridge Fire,Cool,2021-09-05,2021-09-14,411
Aruba Fire,Rainbow,2021-09-05,2021-09-09,54
Caballo Fire,Los Olivos,2021-09-06,2021-09-08,70
Route Fire,Castaic,2021-09-11,2021-09-17,464
Hopkins Fire,Redwood Valley,2021-09-12,2021-09-20,257
Childrens Fire,Old Fig Garden,2021-09-19,2021-09-19,42
University Fire,Muscoy,2021-09-22,2021-09-23,71
Fremont Fire,Sonoma,2021-09-22,2021-09-23,116
Fawn Fire,Shasta Lake,2021-09-22,2021-10-02,8578
Maxwell Fire,Weaverville,2021-10-05,2021-10-11,80
View Fire ,Cottonwood,2021-10-11,2021-10-12,24
Kettle Fire,Kettleman City,2021-10-11,2021-10-12,447
Newell Fire,American Canyon,2021-10-11,2021-10-12,132
Alisal Fire,Solvang,2021-10-11,2021-11-20,16970
Canal Fire ,Corning,2021-10-14,2021-10-15,59
Hollow Fire,Tracy,2021-10-24,2021-10-24,150
Arlanza Fire,Pedley,2021-11-21,2021-12-02,24
Airport Fire,Bishop,2022-02-16,2022-02-26,4136
Alpine Fire ,Monte Rio,2022-03-01,2022-03-06,21
Hollister Fire,Buellton,2022-03-12,2022-03-17,120
Whitlow Fire,Burney,2022-03-25,2022-03-27,10
Platina Fire,Shasta,2022-04-27,2022-04-30,10
111 Fire,Desert Shores,2022-04-30,2022-05-01,15
Pyrite Fire ,Glen Avon,2022-05-06,2022-05-07,60
Coastal Fire,Laguna Niguel,2022-05-11,2022-05-17,200
Coyote Fire,Banning,2022-05-15,2022-05-16,46
Poplar Fire,East Porterville,2022-05-16,2022-05-16,25
Owens Fire,Sea Ranch,2022-05-20,2022-05-22,36
River Fire ,Colusa,2022-05-24,2022-05-28,595
Bull Fire ,Santa Maria,2022-05-24,2022-05-24,48
Elk Trail Fire,Yucca Valley,2022-05-26,2022-05-30,431
Lost Lake Fire ,Big River,2022-05-26,2023-06-04,5856
Old Fire,Napa,2022-05-31,2022-06-05,570
62 Fire,Vista Santa Rosa,2022-06-04,2022-06-08,60
Eagle Fire,San Miguel,2022-06-06,2022-06-07,36
Hesperia Fire,Oak Hills,2022-06-06,2022-06-10,95
Park Fire,Loma Rica,2022-06-09,2022-06-11,54
Graham Fire,Forest Ranch,2022-06-10,2022-06-16,100
Plant Fire,Lebec,2022-06-11,2022-06-14,517
Sheep Fire,Wrightwood,2022-06-12,2023-06-22,865
Barrett Fire,Descanso,2022-06-12,2022-06-15,65
Rancho Fire,Rancho Tehama Reserve,2022-06-13,2022-06-18,593
Edgewood,Emerald Lake Hills,2022-06-21,2022-06-26,20
Thunder Fire ,Lebec,2022-06-22,2022-06-27,2500
99 Fire,Gridley,2022-06-22,2022-06-22,66
Tesla Fire,Morgan Hill,2022-06-23,2023-06-23,552
Romero Fire,Hartley,2022-06-23,2022-06-24,349
Kirker Fire ,Clayton,2022-06-24,2022-06-24,90
Union Fire,Pedley,2022-06-25,2022-06-29,110
Roblar Fire ,Sebastopol,2022-06-27,2022-06-27,63
Rices Fire,Lake Wildwood,2022-06-28,2022-07-05,904
Table Fire,Auberry,2022-07-01,2022-07-03,52
Garrison Fire,Lake Nacimiento,2022-07-04,2022-07-05,138
Nome Fire,Covelo,2022-07-05,2022-07-06,20
Bay Fire,Loma Rica,2022-07-08,2022-07-10,30
Washburn Fire,Ahwahnee,2022-07-07,2023-08-03,4886
Harbison,Crest,2022-07-12,2022-07-13,37
Peter Fire ,Anderson,2022-07-14,2022-07-19,304
Rainbow Fire,Rancho Tehama Reserve,2022-07-16,2022-07-19,60
Riosa Fire,Sheridan,2022-07-17,2022-07-18,38
Bell Fire,Laytonville,2022-07-17,2022-07-20,43
Winding Fire,Lake Wildwood,2022-07-18,2022-07-26,82
Meadow Fire ,Boonville,2022-07-19,2022-07-22,17
Flynn Fire ,Livermore,2022-07-19,2022-07-20,121
Slate Fire ,Jamestown,2022-07-21,2022-07-22,64
Anzar Fire,Aromas,2022-07-21,2022-07-27,104
Cable Fire ,Camino,2022-07-26,2022-07-28,20
Apple Fire,Loma Rica,2022-07-27,2022-08-02,39
Highway Fire,Oak Hills,2022-07-29,2022-07-31,28
Shackleford Fire,Yreka,2022-07-30,2022-08-05,31
Kelsey Fire,Happy Camp,2022-07-30,2022-08-07,85
Meamber Fire,Yreka,2022-07-31,2022-08-06,63
Marmot Fire,Three Rivers,2022-08-02,2022-08-06,127
Springs Fire,Jamestown,2022-08-03,2022-08-04,51
3-8 Fire ,Burney,2022-08-08,2022-08-15,14
Rail Fire,Bear Valley Springs,2022-08-14,2022-08-17,250
Oak Fire,Colfax,2022-08-15,2022-08-31,19244
Wishon Fire,East Porterville,2022-08-15,2022-08-28,325
Eden Fire,Dublin,2022-08-15,2022-08-15,58
Quail Fire,Castaic,2022-08-17,2022-08-18,53
Pleasant Fire,Lake Wildwood,2022-08-20,2022-08-29,48
Still Fire,Lake of the Pines,2022-08-27,2022-08-29,44
McCovey Fire,Bertsch-Oceanview,2022-08-29,2022-08-30,25
Ranch Fire,Bertsch-Oceanview,2022-08-29,2022-09-01,26
Gulch Fire,Glendora,2022-08-29,2022-09-07,113
Route Fire,Castaic,2022-08-31,2022-09-06,5208
Mill Fire,Weed,2022-09-02,2022-09-14,3939
Sandia Fire,Fallbrook,2022-09-04,2022-09-05,30
Hill Fire,Foresthill,2022-09-06,2022-09-15,11
Radford Fire,Big Bear Lake,2022-09-05,2022-09-30,1079
Rosa Fire,Cambria,2022-09-06,2022-09-06,16
Mosquito Fire,Foresthill,2022-09-06,2022-10-22,76788
Fork Fire ,Auberry,2022-09-07,2022-09-14,819
Forward Fire,Shingletown,2022-09-09,2022-09-17,160
Pleasant Fire ,West Bishop,2022-10-23,2022-10-25,50
66 Fire,Mecca,2023-05-15,2023-05-18,127
Ramona Fire,San Jacinto,2023-05-22,2023-05-25,338
Pistol Fire,Clovis,2023-05-30,2023-05-30,123
Orange Fire,Orange Cove,2023-06-01,2023-06-02,108
Panoche Fire,Los Banos,2023-06-03,2023-06-04,65
Valley Fire,East Porterville,2023-06-03,2023-06-04,135
Range Fire,Soledad,2023-06-04,2023-06-05,72
Geology Fire,Twentynine Palms,2023-06-10,2023-06-16,1088
Henderson Fire,Clearlake Oaks,2023-06-14,2023-06-16,21
Frank Fire,Shasta,2023-06-15,2023-06-16,32
Snell Fire,Angwin,2023-06-16,2023-06-19,103
Slough Fire,San Joaquin,2023-06-18,2023-06-18,640
Harney Fire,Jamestown,2023-06-21,2023-06-23,37
Peoria Fire,Loma Rica,2023-06-23,2023-06-25,59
Balfour Fire,Brentwood,2023-06-25,2023-06-25,74
Crane Fire,Squaw Valley,2023-06-27,2023-06-28,24
Juniper Fire,Mead Valley,2023-06-27,2023-06-29,68
Nice Fire,Mentone,2023-06-27,2023-07-01,90
Champagne Fire ,Tehachapi,2023-06-30,2023-06-30,25
Gann Fire,Rancho Calaveras,2023-07-02,2023-07-03,105
Peter Fire,Acton,2023-07-03,2023-07-03,14
Roundup Fire,Apple Valley,2023-07-04,2023-07-05,34
Bernasconi Fire,Lakeview,2023-07-04,2023-07-04,18
Lincoln Fire,Mecca,2023-07-05,2023-07-06,39
Day Fire,Mead Valley,2023-07-05,2023-07-06,56
Frog Fire,Temecula,2023-07-06,2023-07-07,33
District Fire,Lebec,2023-07-07,2023-07-11,1044
Vineyard Fire,Lake Nacimiento,2023-07-09,2023-07-10,391
Rider Fire,Mead Valley,2023-07-11,2023-07-11,12
Snake Fire,Meadowbrook,2023-07-11,2023-07-13,30
Spring Fire,Calimesa,2023-07-11,2023-07-12,35
Avocado Fire,Wildomar,2023-07-12,2023-07-13,10
Pulsar Fire,Lakeview,2023-07-13,2023-07-14,12
Highland Fire,Beaumont,2023-07-14,2023-07-17,105
Rabbit Fire,Lakeview,2023-07-14,2023-07-22,8355
Gavilan Fire,Mead Valley,2023-07-15,2023-07-21,336
Lodoga Fire,Maxwell,2023-07-16,2023-07-19,22
Stony Fire,Orland,2023-07-18,2023-07-20,89
Juniper Fire,Coalinga,2023-07-18,2023-07-19,15
Reche Fire,Moreno Valley,2023-07-14,2023-07-21,436
Idria Fire,King City,2023-07-19,2023-07-22,296
Oak Fire,Sunnyslope,2023-07-19,2023-07-20,137
Victor Fire,Santa Clarita,2023-07-25,2023-07-27,70
Agua Fire,Agua Dulce,2023-07-25,2023-08-07,421
Turkey Fire,Oroville East,2023-07-26,2023-08-03,65
Bonny Fire,Anza,2023-07-27,2023-08-07,2323
Sunset Fire,Banning,2023-07-27,2023-07-28,103
Flynn Fire,Mountain House,2023-07-29,2023-07-30,80
Shell Fire,Shandon,2023-07-30,2023-08-02,100
Haberkern Fire,Biola,2023-08-01,2023-08-02,35
East Fire ,Oildale,2023-08-01,2023-08-02,1291
Almond Fire,Cabazon,2023-08-02,2023-08-02,95
Ridge Fire,Lewiston,2023-08-04,2023-08-06,28
Boulevard Fire,Mojave,2023-08-04,2023-08-06,88
No Name Fire,Inyokern,2023-08-05,2023-08-19,1120
Almond Fire,Lost Hills,2023-08-06,2023-08-07,5228
Bunnie Fire,Ramona,2023-08-09,2023-08-11,184
Rock Fire,Lakeview,2023-08-09,2023-08-10,531
Cemetery Fire,Gridley,2023-08-09,2023-08-09,68
Dry Creek Complex,Three Rivers,2023-08-10,2023-08-10,301
Hernandez Fire,King City,2023-08-10,2023-08-11,75
Trotter,Bear Valley Springs,2023-08-14,2023-08-16,52
Bitter Fire,Shandon,2023-08-15,2023-08-16,695
SKU August Lightning Complex,Burney,2023-08-15,2023-08-31,838
Deep Fire,Weaverville,2023-08-16,2023-10-02,4198
Slide 1 Fire,Rancho Tehama Reserve,2023-08-16,2023-08-22,473
Smith River Complex,Fort Dick,2023-08-15,2023-11-17,95107
Cochrane Fire,Morgan Hill,2023-08-16,2023-08-23,72
Thirty Five Fire,Willows,2023-08-17,2023-08-17,109
Happy Camp Complex,Happy Camp,2023-08-16,2023-10-31,21725
South Fork Complex,Willow Creek,2023-08-15,2023-11-01,3929
Plant Fire,Taft Heights,2023-08-19,2023-08-30,5464
SRF Lightning Complex,Willow Creek,2023-08-20,2023-10-29,50198
Creek Fire,Lower Lake,2023-09-06,2023-09-11,28
Knoll Fire,Valley Springs,2023-09-10,2023-09-12,32
Alta Fire,Green Valley,2023-09-12,2023-09-13,14
Caliente Fire,Bear Valley Springs,2023-09-16,2023-09-17,55
Green Fire,Cambria,2023-10-06,2023-10-09,243
Wiley Fire,Fairfield,2023-10-07,2023-10-10,36
Border 34 Fire,Bonita,2023-10-29,2023-10-30,24
Highland Fire,Aguanga,2023-10-30,2023-11-07,2487
Lizzie Fire,San Luis Obispo,2023-10-30,2023-11-01,124
Sun Fire,Buellton,2023-11-09,2023-11-13,211
Manzanita Fire,San Jacinto,2023-11-14,2023-11-14,15
Sage Fire,Jamul,2023-11-23,2023-11-28,39
Elm Fire,Cabazon,2023-12-09,2023-12-11,65
South Fire,Santa Paula,2023-12-09,2023-12-12,2715
Pine Fire,Oildale,2023-12-15,2023-12-15,181
Palmas Fire,Desert Shores,2024-02-20,2024-02-26,239
 Bryson Fire,Lake Nacimiento,2024-02-27,2024-02-27,11
School Fire,Maricopa,2024-05-02,2024-05-03,1479
Magnolia Fire,Cabazon,2024-05-07,2024-05-08,37
Janell Fire,Aguanga,2024-05-14,2024-05-15,14
Mission Fire,Morongo Valley,2024-05-18,2024-05-18,27
Wind Fire,Frazier Park,2024-05-20,2024-05-20,121
Knolls Fire,Fairbanks Ranch,2024-05-22,2024-05-22,17
Seven Fire,Durham,2024-05-23,2024-05-24,11
Panoche Fire,King City,2024-05-25,2024-05-28,191
Hill Fire,Maricopa,2024-05-28,2024-06-01,1383
Dillon Fire,Desert Hot Springs,2024-05-28,2024-05-28,34
Mocal Fire,Taft Heights,2024-05-28,2024-05-29,116
Shirleon Fire,Banning,2024-05-28,2024-06-29,15
Devil Fire,Kettleman City,2024-05-29,2024-05-29,188
Howard Fire,Anza,2024-05-30,2024-05-31,32
Limonite Fire,Jurupa Valley,2024-05-31,2024-06-01,18
Field Fire,Taft Heights,2024-05-31,2024-06-01,201
Fields Fire,Winton,2024-05-31,2024-06-01,22
Ranch Fire,Oildale,2024-05-31,2024-06-01,616
Raymond Fire,Madera,2024-06-01,2024-06-02,27
Crystal Fire,Deer Park,2024-06-05,2024-06-08,60
Little Fire,South Dos Palos,2024-06-06,2024-06-06,34
Relay Fire,Beaumont,2024-06-06,2024-06-06,47
Gaskell Fire,Rosamond,2024-06-06,2024-06-07,403
Morgan Fire,Temecula,2024-06-07,2024-06-07,14
Poleline Fire,Los Banos,2024-06-07,2024-06-07,30
Creek Fire,Tehachapi,2024-06-09,2024-06-11,50
Cod Fire,Montague,2024-06-10,2024-06-13,28
Lincoln Fire,Lancaster,2024-06-11,2024-06-11,17
Post Fire,Lebec,2024-06-15,2024-06-26,15563
Junes Fire,Palermo,2024-06-15,2024-06-18,1056
Hernandez Fire,King City,2024-06-15,2024-06-20,642
Sioux Fire,Coarsegold,2024-06-15,2024-06-16,15
West Fire,Quartz Hill,2024-06-15,2024-06-15,300
Point Fire,Cloverdale,2024-06-16,2024-06-24,1207
Stage Fire,Terra Bella,2024-06-17,2024-06-17,81
Douglas Fire,Rancho Cordova,2024-06-17,2024-06-19,585
Sky Fire,Buttonwillow,2024-06-19,2024-06-19,528
Daytona Fire,Lamont,2024-06-19,2024-06-19,123
Kirk Fire,American Canyon,2024-06-20,2024-06-21,20
Double Fire,Challenge-Brownsville,2024-06-20,2024-06-23,13
Basalt Fire,Gustine,2024-06-21,2024-06-21,58
Water Fire,Lost Hills,2024-06-21,2024-06-21,546
Willow Fire,Yosemite Lakes,2024-06-22,2024-06-24,213
Valley Fire,Exeter,2024-06-22,2024-06-23,2
Willms Fire,East Oakdale,2024-06-24,2024-06-24,12
Amoruso Fire,Lincoln,2024-06-24,2024-06-25,438
Basin Fire,Squaw Valley,2024-06-26,2024-07-20,14023
Bar Fire ,Oroville,2024-06-27,2024-07-01,36
Creek Fire,Auburn Lake Trails,2024-06-29,2024-07-01,16
El Paso Fire,China Lake Acres,2024-06-29,2024-07-02,471
Sierra Fire ,Sunnyslope,2024-06-30,2024-07-01,400
Kitchen Fire,Campo,2024-07-01,2024-07-01,43
Kern Fire,Inyokern,2024-07-01,2024-07-01,15
Sunrise Fire,Littlerock,2024-07-01,2024-07-03,35
Bowman Fire,Inyokern,2024-07-02,2024-07-02,13
Luken Fire,Good Hope,2024-07-02,2024-07-03,18
Power Fire,Lamont,2024-07-02,2024-07-03,200
Little Fire,South Dos Palos,2024-07-03,2024-07-03,11
Sonora Fire ,Phelan,2024-07-04,2024-07-05,5
Lake Fire,Los Olivos,2024-07-05,2024-08-04,38664
Lucerne Fire,Lucerne Valley,2024-07-06,2024-07-08,419
North Fire,Alturas,2024-07-07,2024-07-14,4685
Bogus Fire,Montague,2024-07-08,2024-07-15,411
Pauba Fire,Temecula,2024-07-12,2024-07-14,101
Horse Fire (Previously 3-7),Burney,2024-07-13,2024-07-22,42
Quality Fire,Lone Pine,2024-07-13,2024-07-16,51
Laura Fire,Lake Isabella,2024-07-14,2024-07-19,77
Lost Hills Fire,Lost Hills,2024-07-14,2024-07-20,4032
5 Fire,Lost Hills,2024-07-15,2024-07-19,348
Hill Fire,Willow Creek,2024-07-16,2024-08-14,7224
Willow Fire,Rosamond,2024-07-16,2024-07-19,175
Sloane Fire,Harbison Canyon,2024-07-17,2024-07-19,14
Ducor 2 Fire,Terra Bella,2024-07-18,2024-07-20,142
Dorado Fire,Huron,2024-07-18,2024-07-20,43
Panoche Fire,South Dos Palos,2024-07-19,2024-07-19,37
Liberty Fire,Dogtown,2024-07-19,2024-07-20,104
Deer Fire,Palmdale,2024-07-19,2024-07-20,272
Abbey Fire,Mentone,2024-07-19,2024-07-21,10
Fork Fire,San Antonio Heights,2024-07-19,2024-07-28,301
Lehi Fire,Newcastle,2024-07-19,2024-07-21,9
Lookout Fire,Oakhurst,2024-07-19,2024-07-21,11
Tin Fire,El Cerrito Corona,2024-07-20,2024-07-21,125
Rios Fire,Laytonville,2024-07-20,2024-07-21,6
Coyote Fire,Rancho Calaveras,2024-07-20,2024-07-21,203
Hawarden Fire,Riverside,2024-07-21,2024-07-25,527
Canyon Fire,Patterson,2024-07-21,2024-07-25,15
Wasioja Fire,Taft Heights,2024-07-21,2024-07-23,70
Gold Complex,Portola,2024-07-22,2024-08-04,3007
Pencil Fire,Alturas,2024-07-22,2024-07-28,396
Maria Fire,San Andreas,2024-07-23,2024-07-28,71
Circle Fire,Coarsegold,2024-07-23,2024-07-25,49
Cow Camp Fire,Bridgeport,2024-07-23,2024-07-28,292
Harry Fire,Montague,2024-07-23,2024-07-25,10
Acres Fire,Madera Acres,2024-07-23,2024-07-25,10
Grove 2 Fire,Aguanga,2024-07-24,2024-07-28,863
Flora Fire,Windsor,2024-07-24,2024-07-28,36
Pentz Fire,Durham,2024-07-24,2024-07-25,40
Acorn Fire,Nice,2024-07-25,2024-07-28,151
Lawton Fire,Loma Linda,2024-07-25,2024-07-25,17
Macy Fire,Lakeland Village,2024-07-25,2024-07-28,145
Flynn Fire,Livermore,2024-07-25,2024-07-28,389
Cosgrove Fire,Valley Springs,2024-07-27,2024-07-28,12
Riley Fire,Brooktrails,2024-07-27,2024-07-31,12
Simpson Fire,Big Pine,2024-07-25,2024-09-02,47
Cougar Fire,Rancho Tehama Reserve,2024-07-29,2024-07-31,9
Italian Fire,Auberry,2024-07-29,2024-11-03,46
Eagle Fire,San Miguel,2024-07-30,2024-07-31,11
Borel Fire,Bodfish,2024-07-24,2024-09-16,59288
Pole Fire,Apple Valley,2024-07-30,2024-08-22,300
Burbank Fire ,Encino,2024-08-03,2024-08-04,75
Morrison Fire,Yosemite Valley,2024-08-04,2024-09-20,30
Canyon Fire,Tuolumne City,2024-08-08,2024-08-23,80
Lower Fire,Shasta,2024-08-10,2024-08-14,110
Blue Fire,Tehachapi,2024-08-10,2024-08-14,427
Reservoir Fire,Clearlake,2024-08-12,2024-08-14,68
Anita Fire,Rancho San Diego,2024-08-12,2024-08-15,20
Queenstone Fire,Lucas Valley-Marinwood,2024-08-13,2024-08-15,18
Quarry Fire,Twain Harte,2023-09-09,2023-11-15,9130
Papa Fire,Camp Pendleton North,2024-08-13,2024-08-18,60
Moon Fire,Glendora,2024-08-13,2024-08-14,15
Kahlon Fire,Chowchilla,2024-08-13,2024-08-13,17
Bruns Fire,Byron,2024-08-14,2024-08-14,25
White Fire,Cabazon,2024-08-14,2024-08-18,13
Marco Fire,Mountain View Acres,2024-08-16,2024-08-18,65
Livermore Fire,Livermore,2024-08-19,2024-08-19,16
Bishop Fire,San Luis Obispo,2024-08-20,2024-08-20,15
Grade Fire,Buellton,2024-08-20,2024-08-22,25
Canyon Fire,Sunland,2024-08-21,2024-08-23,25
Refugio Fire,Santa Ynez,2024-08-23,2024-08-26,86
Motor Fire,Lebec,2024-08-23,2024-08-23,11
Proctor 8 Fire,Jamul,2024-08-23,2024-08-26,27
Benito Fire,Mendota,2024-08-24,2024-08-24,17
Summit Fire ,Oak Hills,2024-08-24,2024-08-25,76
Wild Wash Fire,Silver Lakes,2024-08-24,2024-08-25,23
Solar Fire,Gustine,2024-08-25,2024-08-25,22
Excelsior Fire,Rancho Cordova,2024-08-26,2024-08-26,38
Pioneer Fire,Lucerne Valley,2024-08-27,2024-08-28,22
Johnson Fire,Phelan,2024-08-27,2024-08-30,15
Keys Fire,Hidden Meadows,2024-08-28,2024-08-30,18
Gulch Fire,Temelec,2024-08-28,2024-08-30,19
Silver Fire,Buckhorn,2024-08-28,2024-08-30,12
Way Fire,Wofford Heights,2024-08-29,2024-08-29,88
Two Fire,Cotati,2024-08-29,2024-08-30,33
Vasco Fire,Livermore,2024-08-29,2024-09-01,16
High Fire,Rancho Tehama Reserve,2024-08-31,2024-09-04,45
Minton Fire,Homeland,2024-08-31,2024-09-02,22
Bichota Fire,Glendora,2024-08-31,2024-08-31,3
Union Fire,Shandon,2024-08-31,2024-08-31,11
Robert Fire,Green Valley,2024-09-01,2024-09-04,48
Record Fire,San Jacinto,2024-09-01,2024-09-05,517
Backus Fire,Rosamond,2024-09-03,2024-09-03,41
Post Fire,Good Hope,2024-09-04,2024-09-05,264
Pine Fire,Redwood Valley,2024-09-06,2024-09-10,18
Canary Fire,Camp Pendleton North,2024-09-06,2024-02-25,25
Roblar Fire ,Camp Pendleton North,2024-09-07,2024-09-11,1000
Mill Creek 4 Fire,Willow Creek,2024-09-07,2024-09-12,25
Boyles Fire,Lower Lake,2024-09-08,2024-09-11,81
Wicklow Fire,Sutter Creek,2024-09-09,2024-09-11,63
Airport Fire,Trabuco Canyon,2024-09-09,2024-10-05,23526
Train Fire,Bear Valley Springs,2024-09-09,2024-09-10,48
Apollo Fire,Green Valley,2024-09-10,2024-09-10,800
Willow Fire,Bay Point,2024-09-11,2024-09-11,62
Cougar Fire,Black Point-Green Point,2024-09-15,2024-09-16,53
Ripple Fire,Squaw Valley,2024-09-15,2024-09-15,15
Rosa Fire,Lompoc,2024-09-16,2024-09-16,20
Phelps Fire,Coalinga,2024-09-19,2024-09-20,35
Antonio Fire,Petaluma,2024-09-23,2024-09-24,11
Plymire Fire,Red Bluff,2024-09-26,2024-09-26,14
Meiss Fire,Rancho Murieta,2024-09-27,2024-09-29,42
Pinnacles Fire,Soledad,2024-09-27,2024-09-28,17
86 Fire,Mecca,2024-09-27,2024-09-29,38
Chase Fire ,Lamont,2024-09-27,2024-09-28,35
Cindy Fire ,Vincent,2024-09-28,2024-09-29,13
Lago Fire,Castaic,2024-10-02,2024-10-06,25
Bear Fire,Redway,2024-10-02,2024-10-09,23
Glenhaven Fire,Clearlake Oaks,2024-10-04,2024-10-09,417
Ruby Fire,Mojave,2024-10-04,2024-10-05,50
Central 2 Fire,Del Rey,2024-10-04,2024-10-04,15
Wolf Fire,Del Rey,2024-10-04,2024-10-05,22
Two Mile Fire,Williams,2024-10-03,2024-10-04,10
Tuledad Fire,Johnstonville,2024-10-06,2024-10-08,420
Verjeles Fire,Loma Rica,2024-10-06,2024-10-07,12
Wood Fire,Redway,2024-10-06,2024-10-09,26
Posta 3 Fire,Campo,2024-10-07,2024-10-08,413
Bahrman Fire,Anza,2024-10-09,2024-10-10,110
Shoe Fire,Bella Vista,2024-10-09,2024-11-09,5124
Jack Fire,Beaumont,2024-10-13,2024-10-15,260
Snake Fire,Santa Margarita,2024-10-17,2024-10-17,8
Maria Fire,Santa Maria,2024-10-17,2024-10-17,80
Hay Fire,Dixon,2024-10-18,2024-10-22,869
Keller Fire,San Leandro,2024-10-18,2024-10-20,15
Mission Fire,Rubidoux,2024-10-18,2024-10-19,17
162 Fire,Willows,2024-10-19,2024-10-19,60
Alray Fire,Oak Hills,2024-10-26,2024-10-27,16
Campbell Fire,East Porterville,2024-10-28,2024-10-30,524
Quarry Fire,La Presa,2024-10-31,2024-10-31,10
Montezuma Fire,Lemon Grove,2024-10-31,2024-11-03,37
Gaylord Fire,Corning,2024-11-03,2024-11-03,47
Wolf Fire,Banning,2024-11-04,2024-11-08,25
Lake Fire,Hayfork,2024-11-05,2024-11-11,44
Valley Fire,Anderson,2024-11-06,2024-11-08,11
Frenchman Fire,Castaic,2024-11-07,2024-11-10,94
Santa Lucia Fire,Vandenberg Village,2024-11-07,2024-11-12,125
Waucoba Fire,Big Pine,2024-11-11,2024-11-12,8
John Fire,South Dos Palos,2024-11-14,2024-11-15,13
Kamm Fire,Mendota,2024-11-16,2024-11-16,10
Sandy Fire,San Miguel,2024-11-17,2024-11-18,23
Broadway Fire,King City,2024-11-21,2024-11-23,57
Franklin Fire,Las Flores,2024-12-09,2024-12-18,4037
Addie Fire,Buttonwillow,2024-12-14,2024-12-15,30
Soto Fire,Sunnyslope,2024-12-17,2024-12-18,25
Palisades Fire,Topanga,2025-01-07,2025-01-31,23707
Eaton Fire,Sierra Madre,2025-01-07,2025-01-31,14021
Hurst Fire,San Fernando,2025-01-07,2025-01-16,799
Lidia Fire,Acton,2025-01-08,2025-01-11,395
Kenneth Fire,West Hills,2025-01-09,2025-01-12,1052
Archer Fire,San Fernando,2025-01-10,2025-01-10,19
Scout Fire,Rubidoux,2025-01-14,2025-01-14,2
Little Mountain Fire,Muscoy,2025-01-15,2025-01-16,34
Lilac Fire,Bonsall,2025-01-21,2025-01-22,85
Clay Fire,Pedley,2025-01-21,2025-01-25,39
Center Fire,Rancho Penasquitos,2025-01-22,2025-01-22,7
Sepulveda Fire,Sherman Oaks,2025-01-23,2025-01-24,45
Laguna Fire,Camarillo,2025-01-23,2025-01-26,83
Gilman Fire,La Jolla,2025-01-23,2025-01-24,2
Gibbel Fire,Hemet,2025-01-23,2025-01-24,15
Rosa Fire,Lost Hills,2025-01-29,2025-01-29,105
Penny Fire,Pine Valley,2025-02-26,2025-02-27,9
Scout Fire,Julian,2025-02-28,2025-02-28,39
Ranch Fire,Adelanto,2025-03-08,2025-03-09,60
Range Fire,Vandenberg Space Force Base,2025-03-12,2025-03-12,14
